recommendationid,author,language,review,timestamp_created,timestamp_updated,voted_up,votes_up,votes_funny,weighted_vote_score,comment_count,steam_purchase,received_for_free,written_during_early_access,hidden_in_steam_china,steam_china_location,timestamp_dev_responded,developer_response
160508786,"{'steamid': '76561198036629241', 'num_games_owned': 2001, 'num_reviews': 7197, 'playtime_forever': 808, 'playtime_last_two_weeks': 671, 'playtime_at_review': 122, 'last_played': 1711312468}",english,â €,1710420134,1710420134,True,2,1,0.468082636594772339,0,True,False,False,True,,,
160480906,"{'steamid': '76561199134095780', 'num_games_owned': 553, 'num_reviews': 475, 'playtime_forever': 453, 'playtime_last_two_weeks': 0, 'playtime_at_review': 453, 'last_played': 1708710896}",russian,<3,1710375442,1710375442,True,0,0,0,0,True,False,False,True,,,
157474575,"{'steamid': '76561198844282465', 'num_games_owned': 1575, 'num_reviews': 4684, 'playtime_forever': 279, 'playtime_last_two_weeks': 0, 'playtime_at_review': 279, 'last_played': 1692887194}",russian,â˜€ï¸,1706949479,1706949479,True,0,0,0,0,True,False,False,True,,,
157399698,"{'steamid': '76561199010042150', 'num_games_owned': 3874, 'num_reviews': 2454, 'playtime_forever': 204, 'playtime_last_two_weeks': 0, 'playtime_at_review': 204, 'last_played': 1705775757}",english,"I am 32 years old.

My ex-wife and I have a daughter together, and we adopted our son together. Both are now 4 years old.

When we were going through our separation, I felt lost and unhappy. I was self-destructive. One day, I was so angry with everything spiraling out of control that I punched a concrete wall in a moment of overwhelming emotion. This resulted in breaking my fifth metacarpal in my right handâ€”the hand I worked with, played games with, and used to carry my children to bedâ€”the hand I desperately needed to ensure I could continue providing.

Upon learning the severity of the self-inflicted damage, I became almost suicidal. Keep in mind that just a few months before this, I was the happiest man, with no history of depression or anxiety. I had never experienced anger outbursts, nor was I the type to break down and cry, but I was in a tough situation that truly prevented me from seeing the light on the other side.

With nothing better to do, I looked for a game I could play WITH ONE HAND while recovering. Somehow, I stumbled upon this game and read some of the comments. I decided it was worth a try... I must admit I didn't beat the game, nor did I play as much as some of you. In fact, I may have played this game for only a day or two. That being said, after doing so, I had a new joy and hope for life. I managed to leave behind the pain and suffering that had been thrust upon me. I could experience the joy and happiness of other people. I relaxed for 5 â™¥â™¥â™¥â™¥ minutes listening to this music, long enough to realize that I would be okay.

After realizing this, I turned off the game and went back to work. My hand hurt a lot, but I was motivated. I stopped feeling so sorry for myself and became the father I needed to be at that moment, not the weak boy I was behaving like.

Today, I am close friends with the mother of my children. We don't fight, argue, or say hurtful things to each other. We are parents and friends.

Now I have 3 children. My third child is, wait, ALSO 4 YEARS OLD. The woman I am with was going through a very similar situation at the time of my separation, and we just unexpectedly stumbled into each other's lives. We have been dating for a year and are very happy together.

Moral of the story: you never know what life has in store for you, and if I had given up when all odds were against me, I wouldn't be where I am today. This silly little game helped me realize that.

Thank you.",1706871079,1706871079,True,0,0,0,0,True,False,False,True,,,
155074943,"{'steamid': '76561198237676960', 'num_games_owned': 5411, 'num_reviews': 2874, 'playtime_forever': 206, 'playtime_last_two_weeks': 0, 'playtime_at_review': 206, 'last_played': 1704216506}",turkish,klasik marÄ±o oyununun biraz daha yavaÅŸ hali ama marÄ±o oynamÄ±ÅŸ olan bizle daha azÄ±yla yetinir miyiz=? asla.,1704216547,1704216547,False,2,1,0.53562009334564209,0,True,False,False,True,,,
154247892,"{'steamid': '76561198137195137', 'num_games_owned': 571, 'num_reviews': 66, 'playtime_forever': 37, 'playtime_last_two_weeks': 0, 'playtime_at_review': 37, 'last_played': 1703370189}",english,"aggressively mid 2d platformer, controls are kind of sloppy and enemy patterns are hard to determine. not the worst 50 cents you could ever spend though
soundtrack is fun too :)",1703370307,1703370324,True,0,0,0,0,True,False,False,True,,,
151456422,"{'steamid': '76561198087095123', 'num_games_owned': 163, 'num_reviews': 3, 'playtime_forever': 73, 'playtime_last_two_weeks': 0, 'playtime_at_review': 72, 'last_played': 1700789962}",spanish,Bien bonito *3*bðŸ’–,1700789866,1700789866,True,0,0,0,0,True,False,False,True,,,
149807601,"{'steamid': '76561199347075982', 'num_games_owned': 1682, 'num_reviews': 3504, 'playtime_forever': 302, 'playtime_last_two_weeks': 0, 'playtime_at_review': 302, 'last_played': 1688923532}",english,bad game,1699529542,1699529542,False,1,0,0.401019930839538574,0,True,False,False,True,,,
144655500,"{'steamid': '76561198835115996', 'num_games_owned': 1296, 'num_reviews': 18, 'playtime_forever': 246, 'playtime_last_two_weeks': 0, 'playtime_at_review': 237, 'last_played': 1695572851}",spanish,Super Mario Dog,1692550106,1692550106,True,4,0,0.5757179856300354,0,True,True,False,True,,,
143515043,"{'steamid': '76561198081293192', 'num_games_owned': 4734, 'num_reviews': 3864, 'playtime_forever': 239, 'playtime_last_two_weeks': 0, 'playtime_at_review': 239, 'last_played': 1649065315}",russian,Ð½ÐµÑ‚,1691320705,1691320705,False,0,0,0,0,True,False,False,True,,,
143066846,"{'steamid': '76561198009354206', 'num_games_owned': 1632, 'num_reviews': 15, 'playtime_forever': 131, 'playtime_last_two_weeks': 0, 'playtime_at_review': 9, 'last_played': 1690711515}",russian,"Ð’Ð¸Ð·ÑƒÐ°Ð»ÑŒÐ½Ð¾ Ð¾Ñ‚Ð»Ð¸Ñ‡Ð½Ð¾, Ð½Ð¾ ÑƒÐ¿Ñ€Ð°Ð²Ð»ÐµÐ½Ð¸Ðµ Ð¾Ñ‚ÑÑ‚Ð¾Ð¹ Ð¿Ð¾Ð»Ð½ÐµÐ¹ÑˆÐ¸Ð¹.",1690701495,1690701495,False,0,0,0,0,True,False,False,True,,,
143041561,"{'steamid': '76561198049823783', 'num_games_owned': 1712, 'num_reviews': 1265, 'playtime_forever': 122, 'playtime_last_two_weeks': 0, 'playtime_at_review': 122, 'last_played': 1690661702}",latam,"â”€â”€â”€â”€â”€â–€â–€â–Œâ”€â”€â”€â”€â”€â”€â”€â–â–€â–€
â”€â”€â”€â”€â”€â–„â–€â–‘â—Œâ–‘â–‘â–‘â–‘â–‘â–‘â–‘â–€â–„
â”€â”€â”€â”€â–â–‘â–‘â—Œâ–‘â–„â–€â–ˆâ–ˆâ–„â–ˆâ–‘â–‘â–‘â–Œ
â”€â”€â”€â”€â–â–‘â–‘â–‘â–€â–ˆâ–ˆâ–ˆâ–ˆâ–€â–„â–‘â–‘â–‘â–Œ
â”€â”€â”€â”€â•â–€â–„â–„â–„â–„â–„â–„â–„â–„â–„â–„â–„â–€â•
â–ˆâ–€â–€â–€â–€â–€â–€â–€â–€â–€â–€â–€â–€â–€â–€â–€â–€â–€â–€â–€â–€â–€â–ˆ
â–ˆâ–‘â–ˆâ–€â–€ â–ˆâ–€â–€â–ˆ â–ˆâ–€â–€ â–ˆâ–€â–€â–ˆ â–ˆâ–‘â–ˆ â–‘â–ˆ
â–ˆâ–‘â–€â–€â–ˆ â–ˆâ–‘â–‘â–ˆ â–ˆâ–€â–€ â–ˆâ–„â–„â–ˆ â–ˆâ–€â–„ â–‘â–ˆ
â–ˆâ–‘â–€â–€â–€ â–ˆâ–€â–€â–€ â–€â–€â–€ â–€â–‘â–‘â–€ â–€â–‘â–€ â–‘â–ˆ
â–€â–€â–€â–€â–€â–€â–€â–€â–€â–€â–€â–€â–€â–€â–€â–€â–€â–€â–€â–€â–€â–€â–€
(apenas lo jugue y no encontre ningun WALKTHROUGH en internet)

El juego es una mezcla de Sonic con Mario Bros, esta copado, musica y graficos lindos, no es la gran cosa pero tiene su espiritu de los 80-90.

Por el precio baratisimo que tiene, merece la oportunidad, sobre todo si aman el genero.

7.5/10",1690661977,1690661977,True,0,0,0,0,True,False,False,True,,,
142978742,"{'steamid': '76561198995387103', 'num_games_owned': 6510, 'num_reviews': 3379, 'playtime_forever': 321, 'playtime_last_two_weeks': 0, 'playtime_at_review': 321, 'last_played': 1690533958}",schinese,"è¿™æ¸¸æˆå¥½çŽ©å—
å¦‚çŽ©

è‡ªå·±çœ‹å•†åº—é¡µé¢å’¯ï¼Œæ— ä¸­æ–‡å¯çŽ©ï¼Œå–œæ¬¢è¿™æ ·ç±»åž‹çš„æŽ¨èã€‚

chinese and cloud save plz. ä¸­æ–‡å’Œäº‘å­˜æ¡£è¯·å‡ºã€‚

202211ä¸‹ï¼Œt a oå®ï¼Œæ”¯ä»˜å®çº¢åŒ…ï¼Œæ‰æžœï¼Œæœ¬å¹³å°ï¼Œæœ¬å¹³å°å……å€¼æŠ˜æ‰£æŽ‰å¡ï¼Œindie galaï¼Œfanaticalï¼Œhumbleï¼Œdaily indie gameï¼Œloot boyï¼Œå®ƒå¤„è‡ªå®šä¹‰åŒ…å…¥çš„æœ¬ä½“çº¦3å…ƒã€‚çˆ±äººå¦‚å·±ï¼Œç›®å‰å°±è¿™ï¼Œçœ‹ä»¥åŽè¿½è¯„ã€‚æœ‰ä¸­æ–‡çš„æ¸¸æˆè¯·è€å¿ƒè‡ªç ”ä½“éªŒä¹è¶£ï¼Œæ”»ç•¥æŒ‡å—å°½é‡ä¸ç”¨ã€‚ä¸å»ºè®®ä½¿ç”¨å¤–æŒ‚ï¼Œæ’ä»¶ï¼Œä½œå¼Šä¹‹ç±»çš„ï¼Œæ¸¸æˆéƒ½è¦è¿™æ ·æžï¼Œé‚£çŽ°å®žé‡Œé‚£æ›´æ˜¯å¦‚æ­¤äº†ã€‚å…„å¼ŸèŒï¼Œå¼ºçƒˆå»ºè®®ä¸è¦ç¬¬ä¸‰æ–¹å¹³å°çš„å°åº—ä¹°y ué¢ï¼Œé€šè¿‡é¥°å“ç­‰æŒ‚steamå¸‚åœºè½¬çš„ï¼Œé«˜æ¦‚çŽ‡redä¿¡ä¹ƒè‡³å°å·ï¼Œä¸”è¡Œä¸”çæƒœã€‚",1690576864,1690576864,True,1,0,0.340405911207199097,0,False,False,False,True,,,
141059255,"{'steamid': '76561198030784015', 'num_games_owned': 0, 'num_reviews': 11208, 'playtime_forever': 246, 'playtime_last_two_weeks': 0, 'playtime_at_review': 9, 'last_played': 1688465213}",english,"Super Jagua is an unabashed ripoff of Super Mario Bros (copyright Nintendo, 1983) and features the same game mechanics as the Super Mario Bros series, specifically most elements of Super Mario Bros 1 and some from 3.  Even the level design for some of the levels is amazingly familiar... this might as well just be a reskin.  Or, more likely, a lawsuit just waiting to happen.  Copyright is serious business.  That's the first of many reasons gamers should avoid putting down money for this.. the first Cease and Desist or DMCA claim that shows up, and this game will be gone. 

There's little else to discuss about actual gameplay (if you can get it to work, console peasant childrens toy controller is required because the developer doesn't understand PC gaming).  It's just Super Mario Bros.  All that's left to discuss is the huge list of defects and flaws, which, in the interests of thoroughness, we'll get into now.

The game doesn't have any save game features, despite that being a basic standard for all games of this time.  The developer might defend this as an attempt to make the game seem more ""difficult"" without them having to balance the game or do their job properly with engaging and challenging level design, but it's just as likely they simply couldn't work out how to make a save game feature work.  Either way, that's a defect that adds another reason for gamers to avoid this game.

From a technical perspective, the game doesn't meet basic minimum requirements that most PC gamers expect as standard.

A choice was made to use obsolete, decades old retro pixel ""art"" as a substitute for contemporary PC graphics.  It's unclear if this is due to lack of budget or talent, regardless, the overall visual quality of the game is extremely low as a result.

There's no option to change the resolution and no useful graphics tweaks.  There's no way to ensure this is running at the native resolution of your display.  There's no guarantee this game will look right on any PC as a result of this hamfisted design decision.

The game only displays in 4:3 pillarboxed aspect ratio.  It's possible they developed this using an old CRT they found in a dumpster, or this game has been specifically designed for people gaming on PC's from 1995... either way, this isn't really acceptable in the modern era of PC gaming.

In a sheer insult to PC gamers, the developer has locked out keyboard and mouse controls on this game.  The developer demands, without compromise, that you must use a console peasant children's toy gamepad to play this garbage game.  This is simply unacceptable, developers must never dictate to gamers how a game is to be consumed.

Another problem here is that you can't alt+tab out of the game properly, another shortcoming that should have been picked up with even a basic amount of software testing.  This is extremely frustrating in the modern era of gaming and it's a shortcoming that gamers are unlikely to accept. It's likely this defect is due to the way the developer arrogantly locks out many of the the keyboard functions, or some other general incompetence.

While this is on PC, it has all the hallmarks and deficiencies of a console game, from the clunkier than needed control scheme to the less than cutting edge graphics.  There's 10's of thousands of PC games on Steam, and PC gamers deserve only the best.  This might not appeal to many gamers due to the lack of PC-centric design.  It's unclear why this game was never accepted on the video game console appliances it seems to have been designed for.

Some of the defects in the game can be attributed to the choice of using the GameMaker Studio construction kit/toolset.  This is a very poor quality toolset favoured by amateur developers as it's cheap and requires little in the way of development skill, but unfortunately has very limited capabilities.  Just as you can't make a silk purse out of a sows ear, you can't make a great video game if you use a terrible engine.  GameMaker Studio is most commonly used to make retro pixel shovelware and cash grabs.

A strong argument can be made that construction kits like GameMaker Studio should never be used to make games for profit, as the ""developer"", cbritez has done here.  These construction kits are intended to teach people some of the basic principles of game development, and to make small demos to pass around with friends.  They're not intended to replace to actual work of real, professional game developers.  So it's inappropriate when amateurs try to use these for profit, without any actual, real game development effort taking place.  This doesn't result in products that have any real meaningful value for gamers.

These technical defects push this game below acceptable standards for any modern PC game.

You don't have to take my word about how bad the game is, we can measure the interest in a game by how much people bothered to play it.  Super Jagua has achievements, and they show us a very clear picture that the game absolutely failed to capture any interest from gamers.  The most commonly and easily attained achievement is for completing a level with less than 18 jumps, trivial to achieve, but less than 5 percent of players bothered to get that far before uninstalling the game.  That's a tiny, tiny proportion of gamers who even bothered with this.  Ouch.

Reviewing SteamDB to check how popular this game was with players reveals a surprise... there's a very healthy spike in player counts for the game.  But this isn't consistent with the achievement stats, that show less than 5 percent of players bothered playing the game for any reasonable amount of time.  How is it possible for this game to have so many concurrent players who weren't even playing the game?  Trading cards.  Players will use card idling software to collect the cards and sell them, but this won't trigger any achievements in-game.  That tells us people only really bought this game for trading cards, and that's a damning indictment of the woeful quality.  A closer look at the numbers shows the game just has a couple of players every week running up the game and idling it for cards, then deleting it.  We must ask how it benefits gamers for there to be so many games like this, with no merit as a serious game, that only generate sales from people idling and selling the trading cards.

Super Jagua is relatively cheap at $1 USD, but it's not worth it. Given the defects and quality issues with the game, coupled with the unrealistic price, this is impossible to recommend.",1688225737,1688225737,False,4,2,0.260713338851928711,0,True,False,False,True,,,
141002928,"{'steamid': '76561198174925127', 'num_games_owned': 0, 'num_reviews': 2323, 'playtime_forever': 78, 'playtime_last_two_weeks': 0, 'playtime_at_review': 78, 'last_played': 1688160143}",spanish,"â”€â”€â”€â”€â”€â–€â–€â–Œâ”€â”€â”€â”€â”€â”€â”€â–â–€â–€
â”€â”€â”€â”€â”€â–„â–€â–‘â—Œâ–‘â–‘â–‘â–‘â–‘â–‘â–‘â–€â–„
â”€â”€â”€â”€â–â–‘â–‘â—Œâ–‘â–„â–€â–ˆâ–ˆâ–„â–ˆâ–‘â–‘â–‘â–Œ
â”€â”€â”€â”€â–â–‘â–‘â–‘â–€â–ˆâ–ˆâ–ˆâ–ˆâ–€â–„â–‘â–‘â–‘â–Œ
â”€â”€â”€â”€â•â–€â–„â–„â–„â–„â–„â–„â–„â–„â–„â–„â–„â–€â•
â–ˆâ–€â–€â–€â–€â–€â–€â–€â–€â–€â–€â–€â–€â–€â–€â–€â–€â–€â–€â–€â–€â–€â–ˆ
â–ˆâ–‘â–ˆâ–€â–€ â–ˆâ–€â–€â–ˆ â–ˆâ–€â–€ â–ˆâ–€â–€â–ˆ â–ˆâ–‘â–ˆ â–‘â–ˆ
â–ˆâ–‘â–€â–€â–ˆ â–ˆâ–‘â–‘â–ˆ â–ˆâ–€â–€ â–ˆâ–„â–„â–ˆ â–ˆâ–€â–„ â–‘â–ˆ
â–ˆâ–‘â–€â–€â–€ â–ˆâ–€â–€â–€ â–€â–€â–€ â–€â–‘â–‘â–€ â–€â–‘â–€ â–‘â–ˆ
â–€â–€â–€â–€â–€â–€â–€â–€â–€â–€â–€â–€â–€â–€â–€â–€â–€â–€â–€â–€â–€â–€â–€",1688160179,1688160179,True,0,0,0,0,True,False,False,True,,,
140982720,"{'steamid': '76561198385306369', 'num_games_owned': 1021, 'num_reviews': 1594, 'playtime_forever': 83, 'playtime_last_two_weeks': 0, 'playtime_at_review': 83, 'last_played': 1688133582}",turkish,"- Oyunu SatÄ±n Al
- Koleksiyon KartlarÄ± DÃ¼ÅŸÃ¼r
- Koleksiyon KartlarÄ±nÄ± Sat",1688140706,1688140706,True,0,0,0,0,True,False,False,True,,,
135399548,"{'steamid': '76561198156231045', 'num_games_owned': 0, 'num_reviews': 323, 'playtime_forever': 126, 'playtime_last_two_weeks': 0, 'playtime_at_review': 22, 'last_played': 1679764971}",portuguese,"EstÃ¡ decidido, nÃ£o jogo mais jogos de plataforma, ou o jogo Ã© ruim demais ou sou eu",1679757172,1679757172,False,0,0,0,0,True,False,False,True,,,
132706513,"{'steamid': '76561199468404675', 'num_games_owned': 0, 'num_reviews': 47, 'playtime_forever': 539, 'playtime_last_two_weeks': 0, 'playtime_at_review': 539, 'last_played': 1676146395}",english,"Super Jagua is an excellent 2D retro-style single-player platformer that pays homage to the classic platformers of the 80s. It's a true gem for fans of classic games and provides a nostalgic gaming experience with its old-school gameplay, graphics, and soundtrack. The game has eight worlds, each containing four handcrafted levels, providing a significant amount of content for players to enjoy. The game offers challenging gameplay, with no saves and no continues, which adds to the nostalgic feel of the game.

The graphics in Super Jagua are spot-on, with every graphic created from a single 24-color palette, which gives the game an authentic retro look. The full 8-bit chiptune soundtrack complements the game's graphics and helps to transport players back to the 80s. The game's story revolves around a brave dog embarking on a journey to save the beloved princess and her little puppies, which has been kidnaped by a mysterious demon.

The game's controls are smooth and intuitive, making it easy for players to run, jump, and swim through levels, discover secrets, and fight bosses. The levels are well designed, with a variety of obstacles and power-ups to keep the gameplay interesting. The boss fights are epic, providing a real challenge for players.

In conclusion, Super Jagua is a must-play for fans of classic platformers and anyone looking for a nostalgic gaming experience. The game's challenging gameplay, retro graphics, and chiptune soundtrack provide an enjoyable gaming experience that will keep players engaged for hours on end. I would highly recommend this game to anyone looking for a classic platformer.",1676209499,1676209499,True,0,0,0,0,True,False,False,True,,,
130857227,"{'steamid': '76561199015558744', 'num_games_owned': 0, 'num_reviews': 10, 'playtime_forever': 621, 'playtime_last_two_weeks': 0, 'playtime_at_review': 266, 'last_played': 1694902696}",english,"A clone of SMB with an awesome soundtrack and cute visuals. There are loads of challenging achievements to get, and many secrets spread throughout the levels, also the bosses are much more fun. Well worth the $1, but there are a few things you should know:

1. There is no saving the game, you must beat it in one session without closing it or getting a game over.

2. The game is more challenging than it seems. If you're experienced enough with platformers then you can probably beat it in your first few attempts, and it isn't as hard as the original SMB, especially if you use warp zones, but it isn't easy either.

3. The spot where you can bounce off an enemy is very small. You need to aim for the center of their heads. If you come in from a diagonal angle you'll just take damage or die. It isn't like SMB where Mario kills anything while he's falling. This applies to bosses as well. Sometimes you need to hit the head, others the tail or backside.

4. The game ran very slowly until I took it off fullscreen mode. I haven't seen anyone else have that problem in the reviews but I thought I'd throw it in here for good measure. Obviously playing in windowed mode isn't as fun or easy, it stays fixed at like half my computer display.

5. Check the steam community for hints on where to find warps and hidden power-ups. And use code (up, up, down, down, left, right, left, right, run, jump) at the title screen before you press new game for double lives.",1673731128,1673731128,True,0,0,0,0,True,False,False,True,,,
129964524,"{'steamid': '76561198263565044', 'num_games_owned': 317, 'num_reviews': 9, 'playtime_forever': 6, 'playtime_last_two_weeks': 0, 'playtime_at_review': 6, 'last_played': 1642314637}",english,When u order super mario on wish,1672685998,1672685998,True,0,0,0,0,True,False,False,True,,,
118563141,"{'steamid': '76561198083413093', 'num_games_owned': 3787, 'num_reviews': 2801, 'playtime_forever': 76, 'playtime_last_two_weeks': 0, 'playtime_at_review': 75, 'last_played': 1657447282}",turkish,"â–‘â–‘â–‘â–‘â–‘â–‘â–‘â–‘â–‘â–‘â–‘â–ˆâ–ˆâ–ˆâ–ˆ
â–‘â–‘â–‘â–‘â–‘â–‘â–‘â–‘â–‘â–‘â–‘â–ˆâ–‘â–‘â–ˆ
â–‘â–‘â–‘â–‘â–‘â–‘â–‘â–‘â–‘â–‘â–ˆâ–‘â–‘â–‘â–ˆ
â–‘â–‘â–‘â–‘â–‘â–‘â–‘â–‘â–‘â–ˆâ–‘â–‘â–‘â–‘â–ˆ
â–ˆâ–ˆâ–ˆâ–ˆâ–ˆâ–ˆâ–„â–„â–ˆâ–‘â–‘â–‘â–‘â–‘â–ˆâ–ˆâ–ˆâ–„
â–“â–“â–“â–“â–“â–ˆâ–‘â–‘â–‘â–‘â–‘â–‘â–‘â–‘â–‘â–‘â–‘â–‘â–ˆ
â–“â–“â–“â–“â–“â–ˆâ–‘â–‘â–‘â–‘â–‘â–‘â–‘â–‘â–‘â–‘â–‘â–‘â–ˆ
â–“â–“â–“â–“â–“â–ˆâ–‘â–‘â–‘â–‘â–‘â–‘â–‘â–‘â–‘â–‘â–‘â–‘â–ˆ
â–“â–“â–“â–“â–“â–ˆâ–‘â–‘â–‘â–‘â–‘â–‘â–‘â–‘â–‘â–‘â–‘â–‘â–ˆ
â–“â–“â–“â–“â–“â–ˆâ–‘â–‘â–‘â–‘â–‘â–‘â–‘â–‘â–‘â–‘â–‘â–‘â–ˆ
â–“â–“â–“â–“â–“â–ˆâ–‘â–‘â–‘â–‘â–‘â–‘â–‘â–‘â–‘â–‘â–‘
â–‘â–‘â–‘â–‘â–‘â–‘â–‘â–‘â–‘â–‘â–‘â–‘â–€â–€",1657447250,1657447250,True,0,0,0.469798654317855835,0,True,False,False,False,,,
118187284,"{'steamid': '76561198359335578', 'num_games_owned': 0, 'num_reviews': 399, 'playtime_forever': 225, 'playtime_last_two_weeks': 0, 'playtime_at_review': 225, 'last_played': 1656930884}",turkish,Ä°ndirimdeyken alÄ±p kartlarÄ± satarak kÃ¢r edebilirsiniz. Ä°ncelemelerimde kÃ¢r ettiren daha fazla oyun mevcut bakabilirsiniz.,1656930865,1656930865,True,0,0,0,0,True,False,False,False,,,
117826188,"{'steamid': '76561198190434617', 'num_games_owned': 2970, 'num_reviews': 358, 'playtime_forever': 124, 'playtime_last_two_weeks': 0, 'playtime_at_review': 123, 'last_played': 1656460218}",english,"Super Jagua

10/10",1656460121,1656460121,True,0,0,0,0,True,False,False,False,,,
110961048,"{'steamid': '76561198149222284', 'num_games_owned': 1907, 'num_reviews': 140, 'playtime_forever': 253, 'playtime_last_two_weeks': 0, 'playtime_at_review': 253, 'last_played': 1645784849}",english,"Super Jagua is a clear Mario rip-off. But that's alright. It's a fun little game with a NES feeling to it. 
But I can not recommend it.
There are no save points, you run out of lives it is game over. You get 15 lives for 32 levels or which 8 are bossbattles. You get, just like in Mario, an addition live for every 100 coins collected. The problem with the absent of save points is that you need to complete the whole game in one session. You close the game, you have to start over.
Controlls are fine but do feel a little off at times. Other than that the game is not bad.

I wanted to like the game but being forced to complete the game in one session kinda ruins it.",1645785399,1645785399,False,6,0,0.560851395130157471,0,True,False,False,False,,,
109573929,"{'steamid': '76561198268993462', 'num_games_owned': 2434, 'num_reviews': 1076, 'playtime_forever': 202, 'playtime_last_two_weeks': 0, 'playtime_at_review': 202, 'last_played': 1637854670}",latam,ðŸ‘‰tujeðŸ‘ˆ,1644080333,1644080333,True,0,0,0,0,True,False,False,False,,,
108672587,"{'steamid': '76561198796851430', 'num_games_owned': 927, 'num_reviews': 3721, 'playtime_forever': 6564, 'playtime_last_two_weeks': 0, 'playtime_at_review': 270, 'last_played': 1645848736}",schinese,"è¿™æ˜¯ä¸€ä¸ªå¹³å°åŠ¨ä½œæ¸¸æˆï¼Œè®©æˆ‘æƒ³èµ·çŽ©NESæ¸¸æˆï¼Œç‰¹åˆ«æ˜¯é©¬é‡Œå¥¥å…„å¼Ÿã€‚è¿™æ¸¸æˆåº”è¯¥æ˜¯åœ¨è‡´æ•¬é©¬é‡Œå¥¥å…„å¼Ÿã€‚å®ƒåœ¨å¾ˆå¤šæ–¹é¢éƒ½å¾ˆåƒé©¬é‡Œå¥¥å…„å¼Ÿï¼Œä½†ä¹Ÿæœ‰è‡ªå·±çš„é—®é¢˜ã€‚

æœ€å¤§çš„é—®é¢˜ä¹Ÿæ˜¯æˆ‘ä¸æŽ¨èä¹°çš„å”¯ä¸€åŽŸå› æ˜¯ä¿å­˜åŠŸèƒ½æŸåã€‚æˆ‘æ˜¨æ™šåœ¨Steam Linkä¸ŠçŽ©è¿‡ï¼Œåœ¨é€€å‡ºæ¸¸æˆæ—¶æˆ‘é€‰äº†â€œä¿å­˜å¹¶é€€å‡ºâ€ï¼Œç„¶åŽçœ‹åˆ°äº†ä¸€ä¸ªâ€œç»§ç»­â€é€‰é¡¹ã€‚ä»Šå¤©å¯åŠ¨å®ƒçš„æ—¶å€™ï¼Œè¿™ä¸ªé€‰é¡¹å·²ç»ä¸å­˜åœ¨äº†ï¼Œæˆ‘å¿…é¡»ä»Žå¤´å¼€å§‹ã€‚

ä¸Žé©¬é‡Œå¥¥å…„å¼Ÿä¸åŒçš„ä¸€ç‚¹æ˜¯æŽ§åˆ¶ã€‚Super Jaguaé‡Œçš„æŽ§åˆ¶åˆ¤å®šå¾ˆè¿·ï¼Œæœ‰æ—¶ä¼šè§‰å¾—æœ‰ç‚¹å¥‡æ€ªï¼Œå®ƒè¿œæ²¡æœ‰é©¬é‡Œå¥¥å…„å¼Ÿç²¾ç¡®ã€‚

åœ¨é©¬é‡Œå¥¥å…„å¼Ÿä¸­ï¼Œå½“ä½ è¢«å‡»ä¸­æ—¶ï¼Œä½ çš„è§’è‰²ä¼šç¼©å°ï¼Œå¦‚æžœä»–ä»¬å·²ç»å¾ˆå°ï¼Œä»–ä»¬å°±ä¼šæ­»äº¡ã€‚åœ¨Super Jaguaä¸­ï¼Œä½ çš„è§’è‰²åœ¨è¢«å‡»ä¸­ä¸€ç§’é’ŸåŽä¼šé—ªçƒï¼Œç„¶åŽæ¢å¤æ­£å¸¸ã€‚æ¸¸æˆä¸åƒé©¬é‡Œå¥¥å…„å¼Ÿé‚£æ ·å‘çŽ©å®¶å‡†ç¡®çš„ä¼ é€’ä¿¡æ¯ã€‚

å¸å¼•äººçš„æ•Œäººï¼Œç¾Žå¦™çš„éŸ³ä¹ï¼Œè¿™çœŸçš„å¯èƒ½æ˜¯ä¸€ä¸ªä¸é”™çš„æ¸¸æˆï¼Œä½†ä¿å­˜åŠŸèƒ½è®©æˆ‘æƒ³ç ¸ç”µè„‘ï¼Œå¦‚æžœå®ƒèƒ½è§£å†³è¿™ä¸ªä¿å­˜åŠŸèƒ½é—®é¢˜ï¼Œé‚£ä¹ˆè¿˜ç®—æ˜¯ä¸ªä¸é”™çš„æ¸¸æˆã€‚",1643015655,1643015655,False,0,0,0,0,True,False,False,False,,,
108526404,"{'steamid': '76561198176752783', 'num_games_owned': 0, 'num_reviews': 20, 'playtime_forever': 5635, 'playtime_last_two_weeks': 0, 'playtime_at_review': 280, 'last_played': 1690355025}",english,jagua,1642848812,1642848812,True,3,2,0.56204378604888916,0,True,False,False,False,,,
107618238,"{'steamid': '76561199227258706', 'num_games_owned': 1483, 'num_reviews': 666, 'playtime_forever': 219, 'playtime_last_two_weeks': 0, 'playtime_at_review': 219, 'last_played': 1641237853}",turkish,"kart dÃ¼ÅŸÃ¼rmelik oyun
",1641674108,1641674108,True,0,0,0,0,True,False,False,False,,,
106998017,"{'steamid': '76561199158292051', 'num_games_owned': 2792, 'num_reviews': 1619, 'playtime_forever': 814, 'playtime_last_two_weeks': 0, 'playtime_at_review': 814, 'last_played': 1638198369}",schinese,+1,1640972420,1640972420,True,0,0,0,0,True,False,False,False,,,
105327604,"{'steamid': '76561198977525430', 'num_games_owned': 79, 'num_reviews': 19, 'playtime_forever': 18, 'playtime_last_two_weeks': 0, 'playtime_at_review': 18, 'last_played': 1638752089}",koreana,"ì•„ë‹ˆ ì´ê±°.. ì €ìž¥ê¸°ëŠ¥ì—†ê³  
ë‚´ê°€ ë§ˆë¦¬ì˜¤ê°™ì€ ê²Œìž„ ìž˜..ëª»í•˜ëŠ”êµ¬ë‚˜..
ë‚˜ì¤‘ì— í• ëž˜... ë¯¸ëž˜ì˜ ë‚˜ì•¼ ì´ê²Œìž„ ì €ìž¥ê¸°ëŠ¥ì—†ìœ¼ë‹ˆê¹Œ
í™•ì¸í•˜ê³  í•˜ë ´..ã… ã… ",1638752216,1638752216,True,0,0,0,0,True,False,False,False,,,
103615100,"{'steamid': '76561198114679987', 'num_games_owned': 1783, 'num_reviews': 11, 'playtime_forever': 58, 'playtime_last_two_weeks': 0, 'playtime_at_review': 5, 'last_played': 1637807926}",spanish,bastante entertenido,1637804771,1637804771,True,1,0,0.52173912525177002,0,True,False,False,False,,,
102443553,"{'steamid': '76561198033314161', 'num_games_owned': 1262, 'num_reviews': 501, 'playtime_forever': 176, 'playtime_last_two_weeks': 0, 'playtime_at_review': 176, 'last_played': 1636389618}",russian,Ð‘Ð»Ñ Ð½Ñƒ Ð¸ Ñ…ÑƒÐ¹Ð½Ñ Ð½Ñƒ Ð¸Ð³Ñ€Ð°Ñ‚ÑŒ Ð² ÑÑ‚Ð¾ ÑÑ‚Ð¾ Ð¿Ð¾Ð·Ð¾Ñ€ Ñ‚Ð¸Ð¿ ÐœÐ¾Ð¶ÐµÑ‚ Ñ Ñ…Ð¾ÑƒÐ¼ÑÑ‚Ð°ÐºÐ° Ð¼ÑƒÐ·Ñ‹ÐºÑƒ ÑÐ¿Ð¸Ð·Ð´Ð¸Ñ‚ÑŒ Ñ‚Ð°Ð¼ Ð¾Ñ‚ÐºÑ€Ñ‹Ñ‚Ñ‹Ðµ Ð¼Ð¸Ð´Ð¸ ÐµÑÐ»Ð¸ Ñ‡Ñ‚Ð¾ Ð²Ð¾Ñ‚ ÑÑ‚Ð¾ Ð±Ð°Ñ,1636389687,1636389687,True,2,0,0.257856816053390503,0,True,False,False,False,,,
99980067,"{'steamid': '76561198369339878', 'num_games_owned': 0, 'num_reviews': 33, 'playtime_forever': 35, 'playtime_last_two_weeks': 0, 'playtime_at_review': 35, 'last_played': 1632644481}",tchinese,"å¹¹ä½ å¨˜!!!!!!!!!!!!!!!!!!!!!!!!!
å¥½ä¸å®¹æ˜“çœ‹åˆ°é£›æ©Ÿçµæžœé‚„æ˜¯æ­»äº†",1632644560,1632644560,False,0,0,0,0,False,False,False,False,,,
98810445,"{'steamid': '76561198189595845', 'num_games_owned': 65, 'num_reviews': 23, 'playtime_forever': 2356, 'playtime_last_two_weeks': 0, 'playtime_at_review': 2356, 'last_played': 1630819569}",english,"It's a cute little platformer with a few hidden secrets under the hood ;D Although I must admit it doesn't bring anything new to the table, it's not as frustrating to lose in, I'm not quite sure why, but I'm glad :D The only thing I absolutely despise about it is that there's no save/load feature, so you gotta leave the game on if you wanna beat it. But that only adds to how nostalgic the game feels, gives late 90s-early 00s vibes with the whole low pixel platformer like its (very clear) inspiration, the NES Mario games!",1630819837,1630819837,True,0,0,0,0,True,False,False,False,,,
88807463,"{'steamid': '76561198083920542', 'num_games_owned': 70, 'num_reviews': 5, 'playtime_forever': 2107, 'playtime_last_two_weeks': 0, 'playtime_at_review': 1000, 'last_played': 1688793795}",english,"This game is harder than dark souls. If you are not a VERY EXPERIENCED gamer you have no chance of even getting past the first level. It is truly a transcendant experience and a rite of passage to becoming a true gamer. If you want to beat this game you will need to be a man of focus, commitment, and sheer fucking will. You will need to eat, sleep and shit this game. You cannot fucking comprehend the absolute fucking pro-gaming ability you will need in order to accomplish anything in this game. This game will tear you apart and build you back up. This game will make you laugh and cry, it will anger you and it may even arouse you. This game is an absolute must-have for anyone serious about gaming.",1616300686,1616300686,True,1,2,0.523809552192687988,0,False,False,False,False,,,
68082589,"{'steamid': '76561198145706294', 'num_games_owned': 95, 'num_reviews': 6, 'playtime_forever': 161, 'playtime_last_two_weeks': 0, 'playtime_at_review': 156, 'last_played': 1657266057}",polish,best 2d platformer,1587936212,1587936212,True,0,0,0,0,True,False,False,False,,,
68059768,"{'steamid': '76561198314863631', 'num_games_owned': 25, 'num_reviews': 13, 'playtime_forever': 68, 'playtime_last_two_weeks': 0, 'playtime_at_review': 68, 'last_played': 1587665328}",spanish,"Juego muy al estilo super Mario en el que deberÃ¡s completar todos los niveles con un nÃºmero de vidas limitado aÃ±adiendole al un estilo retro genial que te transportara a esos dÃ­as en los cada vida valÃ­a oro, sin lugar a dudas una joya de juego",1587909040,1587909040,True,1,0,0.523809552192687988,0,True,False,False,False,,,
68053427,"{'steamid': '76561198199285333', 'num_games_owned': 0, 'num_reviews': 3, 'playtime_forever': 252, 'playtime_last_two_weeks': 0, 'playtime_at_review': 186, 'last_played': 1587935538}",english,Very good platform game! I like it!,1587901527,1587901527,True,1,0,0.523809552192687988,0,True,False,False,False,,,
63508361,"{'steamid': '76561198041427451', 'num_games_owned': 188, 'num_reviews': 20, 'playtime_forever': 279, 'playtime_last_two_weeks': 0, 'playtime_at_review': 214, 'last_played': 1708393997}",spanish,"Si obviamente esta hecho en semejanza a Mario pero no por eso hay que sacarle el merito, tiene sus diferencias, esta bien hecho con varios secretos y sus propias mecÃ¡nicas, luego de los primeros 3 niveles las cosas empiezan a complicarse y volverse mas desafiantes, lo Ãºnico que dirÃ­a que falta es un sistema de puntos asÃ­ para crear un poco de competencia entre amigos al viejo estilo Mario",1581714950,1581714950,True,2,0,0.545454561710357666,0,True,False,False,False,,,
61256287,"{'steamid': '76561197963356396', 'num_games_owned': 876, 'num_reviews': 188, 'playtime_forever': 30, 'playtime_last_two_weeks': 0, 'playtime_at_review': 30, 'last_played': 1578106926}",english,"	I donâ€™t always enjoy platformers but I was willing to give Super Jagua a shot. I really tried to like it but just one issue after another made me quickly dislike it. For starters even though on Steam it lists â€œFull Controller Supportâ€ it didnâ€™t work with my Logitech F310 or my Steam Controller. Both work with other games. I tried on two different distros, Manjaro and Linux Mint, and had the same issue on both where the gamepads didnâ€™t work at all. I then tried to use the keyboard but it just felt unatural and the movement felt strange and not responsive enough causing me to mistime jumps often. Then came the last and final issue, the nail in the coffin: the game has no save system. You are expected to complete it in one playthrough. I can understand this as an option, a sort of iron man mode but to have no save system at all is just lazy in this day and age. The game does have a decent soundtrack and uses next to no system resources allowing it to run on a potatoe of a computer so it isnâ€™t without some positives but they donâ€™t come anywhere close to outweighing the negatives.

	I played Super Jagua on Linux. It never crashed on me once. It is locked to 60 FPS and has no graphics options. Alt-Tab doesnâ€™t work. During play my GPU usage was 2.5-7.5%; my VRAM usage was 490MB-633MB; my CPU usage was 9-10%; and my total system RAM used was 2.5GB. The game only uses up 10MB of disk space and ran at a constant 60 FPS.

	I played for a total of 26 minutes and got through four of 32 levels so take that as an indication of how long the game lasts for although some levels are harder than others obviously. I paid $1.09 CAD for the game and canâ€™t say I got my money worth in value due to the mechanics and gamepad issues.

My Score: 3/10

My System:

AMD Ryzen 5 2600X | 16GB DDR4-3000 CL15 | MSI RX 580 8GB Gaming X | Mesa 19.3.1 | Samsung 850 Evo 250GB | Mate 1.22.2 | Kernel 5.4.6-2-MANJARO",1578107642,1578107642,False,5,0,0.530448555946350098,1,True,False,False,False,,,
50756946,"{'steamid': '76561198097644433', 'num_games_owned': 947, 'num_reviews': 299, 'playtime_forever': 6, 'playtime_last_two_weeks': 0, 'playtime_at_review': 6, 'last_played': 1511533538}",english,Classic game inspired fueled fusion fun!,1558472912,1558472912,True,0,0,0.481843560934066772,0,True,False,False,False,,,
49968161,"{'steamid': '76561198108383681', 'num_games_owned': 877, 'num_reviews': 1059, 'playtime_forever': 197, 'playtime_last_two_weeks': 0, 'playtime_at_review': 39, 'last_played': 1554488284}",english,Poor rip-off of Mario,1554469885,1554469885,False,1,1,0.413840830326080322,0,True,False,False,False,,,
49286555,"{'steamid': '76561198165416582', 'num_games_owned': 243, 'num_reviews': 11, 'playtime_forever': 25, 'playtime_last_two_weeks': 0, 'playtime_at_review': 25, 'last_played': 1551396564}",english,"I must be wrong, there's just no way... you can't save the game? You gotta beat this game all in one sitting?! It wouldn't be the tallest task for anybody who has an hour to kill or whatever but holy mother of god, WHY WOULD YOU MAKE A GAME IN THIS DAY AND AGE WHERE YOU CAN'T SAVE YOUR PROGRESS AND CONTINUE WHERE YOU LEFT OFF?!?! Screw this game, it's fun, it's pretty much an SMB rip off but it's not bad other than that one fatal flaw, screw this game and it's dog, do not recommend. If it had a save function, hell, even a friggin' password system, then I would enjoy it but as it is I will never, ever play this game again.",1551396772,1551396772,False,4,0,0.540469348430633545,0,True,False,False,False,,,
48951377,"{'steamid': '76561198083201395', 'num_games_owned': 105, 'num_reviews': 14, 'playtime_forever': 39, 'playtime_last_two_weeks': 0, 'playtime_at_review': 28, 'last_played': 1551463570}",russian,Ð½Ð¾Ñ€Ð¼Ð°Ð»ÑŒÐ½Ð¾,1549987955,1549987955,True,0,0,0,0,True,False,False,False,,,
48009445,"{'steamid': '76561198372898133', 'num_games_owned': 1400, 'num_reviews': 175, 'playtime_forever': 245, 'playtime_last_two_weeks': 0, 'playtime_at_review': 243, 'last_played': 1546382520}",russian,"Ð’ÑÐµ Ñ…Ð¾Ñ€Ð¾ÑˆÐ¾ -ÐºÑ€Ð¾Ð¼Ðµ ÑÐ¾Ñ…Ñ€Ð°Ð½Ð¸Ð½Ð¸Ð¹ Ð¸ ÐºÐ¾Ð½Ñ‚Ð°.
ÐÐ²Ñ‚Ð¾Ñ€ Ð¿Ñ€Ð¾ÑÑ‚Ð¾ Ð³Ð¾Ð½Ð´Ð¾Ð½ 
ÐŸÐ¾Ð½ÑÑ‚Ð½Ð¾ Ñ‡Ñ‚Ð¾ Ð¿Ð¾ ÐºÐ»Ð°ÑÑÐºÐµ ÑƒÐ³Ð¾Ñ€Ð°Ð»Ð¾Ð²Ð¾,Ð½Ð¾ Ñ‚Ð°ÑˆÐ¸Ñ‚ÑŒ Ð²ÑÑŽ Ð¸Ð³Ñ€Ñƒ Ð±ÐµÐ· ÐºÐ¾Ð½Ñ‚Ð° Ð¸ ÑÐ¾Ñ…Ñ€Ð° Ñ‚Ð°ÐºÐ¾Ðµ ÑÐµÐ±Ðµ(

ÐÑ… Ð´Ð° Ñ‚ÑƒÑ‚ ÐµÑÑ‚ÑŒ ÐºÐ¾Ð½Ð°Ð¼Ð¸ÐºÐ¾Ð´!!",1546338462,1546338462,True,2,0,0.542133152484893799,0,True,False,False,False,,,
45572125,"{'steamid': '76561198021938563', 'num_games_owned': 2242, 'num_reviews': 15, 'playtime_forever': 103, 'playtime_last_two_weeks': 0, 'playtime_at_review': 11, 'last_played': 1546622573}",polish,"With things requiring as much precision as they do, randomly generated pickups are a needless waste of lives. The time limits for the levels, in particular the first boss level, are extremely harsh and you'll often find yourself unable to meet them. Games are supposed to be hard, not exercises in frustration.",1541109948,1541109948,False,2,0,0,0,False,False,False,False,,,
45520818,"{'steamid': '76561198081780579', 'num_games_owned': 0, 'num_reviews': 78, 'playtime_forever': 73, 'playtime_last_two_weeks': 0, 'playtime_at_review': 71, 'last_played': 1544296606}",italian,"Platform carino che eredita le meccaniche dal primo Super Mario (e in parte anche lo sprite del protagonista) con qualche variazione riguardo ai power up disponibili.
Per chi ama i titoli hardcore il gioco offre una buona sfida, forse viene un po' penalizzato dalla totale mancanza di un salvataggio, visto che Ã¨ anche abbastanza lunghetto potrebbe non essere comodissimo.
La grafica Ã¨ carina e le musichette sono simpatiche. La giocabilitÃ  Ã¨ abbastanza buona, forse il personaggio scivola un po'
troppo, ma una volta presa confidenza si va avanti senze problemi.
Consigliato agli amanti di retrogaming e ai nostalgici amanti delle sfide old school.
",1540919013,1540919013,True,2,0,0.54666668176651001,0,True,False,False,False,,,
42271193,"{'steamid': '76561198049045521', 'num_games_owned': 40, 'num_reviews': 38, 'playtime_forever': 82, 'playtime_last_two_weeks': 0, 'playtime_at_review': 82, 'last_played': 1527495399}",english,"i have mixed feelings about this game, because the graphics and soundtrack are dope, but it's awkward to control, which takes the fun out of it... kind of like a pretty girl who won't let you go balls-deep",1527321315,1527333468,False,5,5,0.448758184909820557,0,True,False,False,False,,,
41388004,"{'steamid': '76561198078599118', 'num_games_owned': 1703, 'num_reviews': 77, 'playtime_forever': 308, 'playtime_last_two_weeks': 0, 'playtime_at_review': 308, 'last_played': 1523505927}",brazilian,[i]Super Mario Bros de Cachorro DuraÃ§o.[/i] [b]1980/10[/b],1523308958,1523308972,True,8,2,0.595686793327331543,0,False,False,False,False,,,
40814120,"{'steamid': '76561198135438892', 'num_games_owned': 4732, 'num_reviews': 5177, 'playtime_forever': 309, 'playtime_last_two_weeks': 0, 'playtime_at_review': 188, 'last_played': 1521336339}",romanian,Very nice game,1521051063,1521051063,True,0,0,0.454545468091964722,0,True,False,False,False,,,
40647296,"{'steamid': '76561198005996407', 'num_games_owned': 0, 'num_reviews': 18, 'playtime_forever': 988, 'playtime_last_two_weeks': 0, 'playtime_at_review': 54, 'last_played': 1560718762}",english,"[h] Must own game for old school platformer fans! [/h]

I've been gaming since Atari 65XE era, and I have a particular fondness for 8-bit era 2D platformer titles. 

Left to right, simple jump mechanics, fun colorful graphics, this game satisfies all those cravings.

The game doesn't seem to have a save mechanic, but that only adds to the challenge, reminding us what it was like to have a cartridge turned on for weeks straight for some games back in a day. 

This game was exactly what I wanted and it came at a fair price. Steam achievements and trading cards help as well.",1520490493,1520490493,True,0,0,0,0,True,False,False,False,,,
39582631,"{'steamid': '76561198019388720', 'num_games_owned': 670, 'num_reviews': 196, 'playtime_forever': 283, 'playtime_last_two_weeks': 0, 'playtime_at_review': 283, 'last_played': 1516804898}",english,"This is a neat little platformer that reminds me of playing NES games. Specifically Mario Bros which I think it was heavily inspired by. It's actually quite a lot like Mario Bros in many ways but has it's own set of problems.

The biggest problem and only reason I would not recommend this is the save feature is broken. I played last night on the Steam Link and when I quit the game I said save and quit, and I saw a continue option. Today when I booted it up that option was gone and I had to start over from the beginning.

One thing that separates this from Mario Bros is the controls. They are very sloppy in Super Jagua and feel a bit strange at times. It's nowhere near as precise as Mario Bros. 

In Mario Bros when you get hit your character shrinks and if they are already small they die. In Super Jagua your character will flash when hit for a second and then go back to normal. For a long time I thought I also could take 2 hits in this game but recently it was only 1. It took a while but I finally figured out that if you are holding an item you have 2 hits and if not, just 1. The game doesn't relay info to the player as Mario Bros does.

Cute enemies, amazing chiptune music, this really could be an alright game but that save feature is really holding it back. It will never be Mario Bros which it really wants to be but it could be decent if it just gets this save feature figured out.

I wish there was a middle option between recommended and not recommended because that is where I would put this. SInce there is not a middle option, I would have to go with not recommended, at least until the save feature gets fixed.
That broken save feature is by far the biggest problem with this game that I have found.",1516805505,1666874582,False,10,0,0.603636980056762695,0,True,False,False,False,,,
38635980,"{'steamid': '76561198130335691', 'num_games_owned': 0, 'num_reviews': 9, 'playtime_forever': 71, 'playtime_last_two_weeks': 0, 'playtime_at_review': 24, 'last_played': 1575642954}",english,how do jump?,1514148706,1514148706,True,0,1,0.43587946891784668,0,True,False,False,False,,,
38273766,"{'steamid': '76561198175664395', 'num_games_owned': 45, 'num_reviews': 11, 'playtime_forever': 35, 'playtime_last_two_weeks': 0, 'playtime_at_review': 35, 'last_played': 1513145364}",english,"Cool game, but I'd love if developers add something to save the game in the last point you were!!!  It's stressfull passing the same thing every time I open the game.

Also, when I use my controller to play with it, the game freeze! You can only play with the keyboard.

Afterall, it's a good game, you just need to fix those things...",1513145683,1513145683,True,0,0,0,5,True,False,False,False,,,
36642231,"{'steamid': '76561198088567077', 'num_games_owned': 370, 'num_reviews': 6, 'playtime_forever': 137, 'playtime_last_two_weeks': 0, 'playtime_at_review': 8, 'last_played': 1569968911}",english,"    Sold my steam cards, and had a couple of bucks, and have to say, this is the best $1 I have ever spent on a game xD its a good Mario clone.  Nothing more to say really.",1511169700,1511169700,True,1,0,0.527363181114196777,0,True,False,False,False,,,
34513091,"{'steamid': '76561198087013825', 'num_games_owned': 0, 'num_reviews': 3, 'playtime_forever': 133, 'playtime_last_two_weeks': 0, 'playtime_at_review': 133, 'last_played': 1503778708}",spanish,He is the dog of Mario Bros? or is cousin Montaro's ' o_O? XD,1503777481,1503777481,True,3,1,0.553072631359100342,0,False,False,False,False,,,
33642265,"{'steamid': '76561198185574428', 'num_games_owned': 0, 'num_reviews': 27, 'playtime_forever': 9, 'playtime_last_two_weeks': 0, 'playtime_at_review': 9, 'last_played': 1500429617}",english,"Its alright, the only problem i had with it was the controls felt very stiff making it hard to play, its not complately unplayable and can be kind of fun",1500429660,1500429660,True,0,0,0.46012270450592041,0,True,False,False,False,,,
33203455,"{'steamid': '76561198061230879', 'num_games_owned': 189, 'num_reviews': 141, 'playtime_forever': 372, 'playtime_last_two_weeks': 0, 'playtime_at_review': 161, 'last_played': 1696901375}",english,"You've been looking for a kind of super mario like game? Then you found it.
This game have good challenging stages, some of them make you facepalm 
on the way you got Jagua killed, and others leave you retrying several times 
the stage trying to pass through a part you were stuck on.

Most of this games powerups are good, there are some secrets that either 
teleport you to a room full of loot, or to a future stage.

The only problems in this game, is that there is no way of opening the 
menu while on the map screen, you must enter the world to open the 
menu, meaning you can't even close the game If you are on the menu, 
too bad I only discovered that later, and the boss fights are ridiculous, seriously.
The bosses have a ridiculous AI and are very predictable, the only boss I 
had problems with were the Pterodactile boss, because weren't timing 
well time moment It flies to ground, anyway, bosses are still the easiest 
part of the game, at least for now, since I only went up to after the 4th boss.

Fun game to pass the time, and for this price, It's worth the money spent.
I wonder If it's developer will try making other games.",1499118053,1499118053,True,0,0,0,0,True,False,False,False,,,
32919362,"{'steamid': '76561197995427367', 'num_games_owned': 0, 'num_reviews': 666, 'playtime_forever': 5, 'playtime_last_two_weeks': 0, 'playtime_at_review': 5, 'last_played': 1498637408}",english,Super Mario clone with fukken s h i t controls,1498637417,1498637435,False,0,0,0.364843010902404785,0,True,False,False,False,,,
32830144,"{'steamid': '76561198066814723', 'num_games_owned': 3463, 'num_reviews': 52, 'playtime_forever': 222, 'playtime_last_two_weeks': 0, 'playtime_at_review': 222, 'last_played': 1498510091}",russian,"Ð¥Ñ€ÐµÐ½ÑŒ, Ð½Ðµ ÑÐ¼Ð¾Ð³ Ð¿Ñ€Ð¾Ð¹Ñ‚Ð¸ 1 ÑƒÑ€Ð¾Ð²ÐµÐ½ÑŒ",1498510067,1498510067,False,0,0,0.474006086587905884,0,True,False,False,False,,,
32148896,"{'steamid': '76561198072121827', 'num_games_owned': 1353, 'num_reviews': 3, 'playtime_forever': 253, 'playtime_last_two_weeks': 0, 'playtime_at_review': 168, 'last_played': 1496483906}",english,Woof.,1496484447,1496484447,True,0,0,0.475896179676055908,0,True,False,False,False,,,
32114745,"{'steamid': '76561198320320338', 'num_games_owned': 0, 'num_reviews': 12, 'playtime_forever': 247, 'playtime_last_two_weeks': 0, 'playtime_at_review': 243, 'last_played': 1509930813}",english,"Great little game; the closest thing to Mario without being Mario, a phenomenal value. But for the love of all things good, please add save support. I'd like to see this entire game without leaving this game just running all day.",1496348387,1496348387,True,0,0,0,0,True,False,False,False,,,
31132792,"{'steamid': '76561198095390131', 'num_games_owned': 166, 'num_reviews': 44, 'playtime_forever': 12, 'playtime_last_two_weeks': 0, 'playtime_at_review': 12, 'last_played': 1492165770}",english,"It's just an unresponsive, hard to control version of Super Mario.
But I guess it can be kinda fun.",1492165865,1492165865,False,4,0,0.51797860860824585,0,False,True,False,False,,,
31109498,"{'steamid': '76561198042709543', 'num_games_owned': 898, 'num_reviews': 63, 'playtime_forever': 21, 'playtime_last_two_weeks': 0, 'playtime_at_review': 21, 'last_played': 1491893044}",english,"The game LOOKED fun from the videos, but upon actually playing it, it's not. The movements are not fluid enough, the powerups are hardly usable and very sluggish, and there's a massive lack of consistency between the level difficulty and the boss difficulty. The bosses are the easiest parts of the entire game! 

Now, I know some will say ""you're too critical about a game on sale for $0.99"", but I take gaming seriously. Quality is everything, even for games worth this amount. I have played games of all price ranges, and there are some 99 cent games out there definitely worth playing, but certainly not this one. I was horribly disappointed and this game seems unfinished to say the least. I could have kept it, but it was so bad that I requested my 99 cents back. I'd rather spend them on trading cards.",1492054556,1492054556,False,9,0,0.555436909198760986,0,True,False,False,False,,,
31045871,"{'steamid': '76561198121992725', 'num_games_owned': 246, 'num_reviews': 110, 'playtime_forever': 133, 'playtime_last_two_weeks': 0, 'playtime_at_review': 121, 'last_played': 1640941483}",english,"For 99 cents this game is not that bad, I remember interviewing the person who made this game on my Youtube Channel, let me just say... The developer of this game is a nice guy, very polite I liked talking to him. This is actually a really nice game, the only complaint I might have is, the difficulty is pretty hard but that's kind of the point of the game so I won't talk about that much, this game is actually pretty good.",1491761679,1491761679,True,2,0,0.519841313362121582,0,True,False,False,False,,,
30275586,"{'steamid': '76561198365186364', 'num_games_owned': 0, 'num_reviews': 89, 'playtime_forever': 252, 'playtime_last_two_weeks': 0, 'playtime_at_review': 252, 'last_played': 1488448172}",schinese,è¶…çº§çŽ›ä¸½â€¦â€¦æƒ³èµ·ä»¥å‰çš„å°éœ¸çŽ‹çš„æ¸¸æˆæœºã€‚,1488451573,1488451573,True,0,0,0,0,False,False,False,False,,,
30090629,"{'steamid': '76561198037578361', 'num_games_owned': 374, 'num_reviews': 7, 'playtime_forever': 41, 'playtime_last_two_weeks': 0, 'playtime_at_review': 11, 'last_played': 1487725180}",english,"To keep it short and to the point, this is a good, solid retro styled platformer. Fun variety of levels, a few neat powerups, and secrets scattered about in many of the levels.

In staying true to the classics, there is the risk of starting over from the beginning once all lives have been used up. However, the game offers a generous coin distribution as you play the levels, and lets you revisit previous levels completed, making it very possible to rack up lives to continue your adventure.

The only thing I don't quite like about this game, and while it is an understandable one, is the lack of a save feature. Still, once you know the layout of the levels, I'm sure it's possible to beat it in just a few hours.

Honestly though, to find a game that looks great and more importantly is fun to play, that costs less than a dollar? That's more than enough for me to recommend it.",1487726712,1487726712,True,0,0,0,0,True,False,False,False,,,
28911253,"{'steamid': '76561197999397296', 'num_games_owned': 0, 'num_reviews': 10, 'playtime_forever': 1017, 'playtime_last_two_weeks': 0, 'playtime_at_review': 617, 'last_played': 1542205910}",spanish,"Ha sido una experiencia muy satisfactoria, he invertido 16 horas para poder terminarlo ya que te dan 15 vidas y no hay guardado. Eso lo convierte en un buen reto. Jugabilidad clÃ¡sica de pataformeo muy divertida. MÃºsica impresionante, a pesar de solo contar con 3 o 4 temas, que se agradece que repitan en vez de meter relleno que empobrecerÃ­a el juego. Ya te digo, temas Ã©picos. Y nada, un juego sencillo pero enviciante y que al acabarlo te quedas bien a gusto por el objetivo cumplido. Felicito al creador y colaboradores",1483294121,1483294121,True,1,0,0.489461362361907959,0,True,False,False,False,,,
28754961,"{'steamid': '76561198165232241', 'num_games_owned': 0, 'num_reviews': 7, 'playtime_forever': 68, 'playtime_last_two_weeks': 0, 'last_played': 1652673534}",english,"This is probably the most accurate that a newer game has come to capturing what made retro games so great. There are no gimmicks, the physics are true to retro style games, the music is amazing, if you've been wanting to find a new ""old"" game, this is it.  The levels can become quite difficult, and there isn't a save feature, but this is being quite true to the source material it is (accurately) emulating.",1482938256,1482938256,True,0,0,0,0,True,False,False,False,,,
28651392,"{'steamid': '76561198021371751', 'num_games_owned': 657, 'num_reviews': 21, 'playtime_forever': 27, 'playtime_last_two_weeks': 0, 'playtime_at_review': 21, 'last_played': 1483568529}",english,"Wonky physics and no save function

The soundtrack's nice though",1482708089,1482708089,False,2,1,0.401362478733062744,2,False,True,False,False,,,
28624179,"{'steamid': '76561198062850024', 'num_games_owned': 0, 'num_reviews': 17, 'playtime_forever': 23, 'playtime_last_two_weeks': 0, 'playtime_at_review': 21, 'last_played': 1490420298}",japanese,"ã‚¹ãƒ¼ãƒžãƒª3ã‚¯ãƒ­ãƒ¼ãƒ³ã‚’æœ¬æ ¼çš„ãƒ•ã‚¡ãƒŸã‚³ãƒ³é¢¨ãƒãƒƒãƒ—ãƒãƒ¥ãƒ¼ãƒ³ã«ãƒŽãƒƒã¦æ¥½ã—ãéŠã¹ã‚‹ï¼
ã¨æ€ã„ãã‚„å¦™ã«è¸ã¿ã®åˆ¤å®šãŒã‚·ãƒ“ã‚¢ã ã£ãŸã‚Š
ã‚¹ãƒ†ãƒ¼ã‚¸æ§‹æˆã«ãªã‚“ã®ç››ã‚Šä¸ŠãŒã‚Šã‚‚ãªãå”çªã«çµ‚ã‚ã£ãŸã‚Šã¨
ã©ã†ã«ã‚‚éŠã‚“ã§ã¦æ°—æŒã¡ã‚ˆããªã„æƒœã—ã„ä½œå“
ãŸã å€¤æ®µãŒå€¤æ®µã ã—ã€æ‚ªã„ã¨ã„ã†ã»ã©ã§ã‚‚ãªã„ã®ã§ã‚µãƒ ã‚ºã‚¢ãƒƒãƒ—ã§",1482653694,1482653694,True,4,0,0.565723657608032227,0,True,False,False,False,,,
28390002,"{'steamid': '76561198068216686', 'num_games_owned': 376, 'num_reviews': 1, 'playtime_forever': 180, 'playtime_last_two_weeks': 0, 'playtime_at_review': 142, 'last_played': 1483467640}",italian,super mario but mario is a doggo,1481819902,1481819902,True,1,0,0.502840936183929443,0,False,True,False,False,,,
28229333,"{'steamid': '76561198040757002', 'num_games_owned': 897, 'num_reviews': 96, 'playtime_forever': 48, 'playtime_last_two_weeks': 0, 'playtime_at_review': 29, 'last_played': 1482543581}",english,"Super Jagua
Was expecting a jaguar
Main character is a dog

I'm questioning my life",1481077566,1481077566,True,11,20,0.589499354362487793,3,True,False,False,False,,,
28202988,"{'steamid': '76561197989983420', 'num_games_owned': 0, 'num_reviews': 328, 'playtime_forever': 76, 'playtime_last_two_weeks': 0, 'playtime_at_review': 54, 'last_played': 1485202651}",russian,"Ð’ ÑÑ‚Ð¾Ð¹ Ð¸Ð³Ñ€Ðµ, ÐµÑÐ»Ð¸ Ð¿Ð»Ð¾Ñ…Ð¾ Ð¸Ð³Ñ€Ð°ÐµÑˆÑŒ, Ð¿Ð¾ÑÐ²Ð»ÑÐµÑ‚ÑÑ Ñ‚Ð°Ð±Ð»Ð¸Ñ‡ÐºÐ° GAME OVER. Ð•Ñ‰Ðµ Ð¾Ð½Ð° Ð¿Ð¾Ñ…Ð¾Ð¶Ð° Ð½Ð° MARIO.",1480945151,1480945172,True,0,0,0,0,True,False,False,False,,,
28114377,"{'steamid': '76561198037981253', 'num_games_owned': 621, 'num_reviews': 30, 'playtime_forever': 646, 'playtime_last_two_weeks': 0, 'playtime_at_review': 9, 'last_played': 1493532264}",english,I just got my childhood memories back just for $1! Excellent!,1480577019,1480577019,True,0,1,0,0,False,False,False,False,,,
27901326,"{'steamid': '76561198047463412', 'num_games_owned': 663, 'num_reviews': 4, 'playtime_forever': 68, 'playtime_last_two_weeks': 0, 'playtime_at_review': 48, 'last_played': 1682652833}",spanish,"Buenisimo juego para pasar ratos y recordar con nostalgia las horas que nos pasabamos jugando NES, en epocas en que eramos felices y no lo sabiamos xD",1480292448,1480292448,True,0,0,0,1,True,False,False,False,,,
27798477,"{'steamid': '76561198190537711', 'num_games_owned': 0, 'num_reviews': 296, 'playtime_forever': 287, 'playtime_last_two_weeks': 0, 'playtime_at_review': 266, 'last_played': 1486619953}",koreana,"ì¼ ê¹€ì— ì™•ê¹Œì§€ë¥¼ ì§ì ‘ ì°ì–´ë³´ê³  ì‹¶ì€ë¶„ì—ê²Œ ì¶”ì²œí•©ë‹ˆë‹¤.

ì €ìž¥ ê¸°ëŠ¥ì´ ì—†ê¸° ë•Œë¬¸ì— ì¼ ê¹€ì— ì™•ê¹Œì§€ ê°€ì•¼ë©ë‹ˆë‹¤.",1480239447,1480239447,True,3,0,0.524357080459594727,0,False,False,False,False,,,
27373505,"{'steamid': '76561198068127157', 'num_games_owned': 7981, 'num_reviews': 124, 'playtime_forever': 328, 'playtime_last_two_weeks': 0, 'playtime_at_review': 328, 'last_played': 1479517976}",english,"Super Jagua is a 2D platformer where you play as a dog trying to save his girlfriend from a demon. To accomplish this, we must conquer 33 brutal levels with a grand sum of 15 lives, no continues. Right from the get go you'll notice a lot of similarities to Super Mario Bros 3 such as certain animations, enemies and UI. There is no denying that this is a love letter or clone of the Super Mario Bros series but it still manages to be a fun romp through familiar territories.

There are few graphic options and the game can only be played using a 4:3 ratio bringing back that retro annoyance of being easily blind sighted by enemies/objects just off the screen. It's a design decision to stay as true to 8Bit games as possible though having an option for Widescreen would have been appreciated. Starting up the game proper you will see a Mario 3 like overworld map with the long line of levels awaiting you. Most of them don't have midway checkpoints but are short enough to never become too frustrating and will immediately make you feel like giving it another go.

One of the major differences from the Mario series is that you can only take one hit before you are down for the count, no turning into a miniature version of yourself here. There are 4 unique items to collect out of bricks, them being a red bone that shoots horizontally, a white bone that shoots vertically, an umbrella to give you better midair control and finally a pair of glasses to see invisible secrets scattered throughout. Equipping any one of them will allow you to take two hits from enemies before losing a life so you'll be glad with whatever you happen to receive. Each of those items are useful in different situations so learning how to use them efficiently can make some levels far easier.

The only object you don't technically need are the Glasses as you can enter the invisible warp zones without them, though it is a risky affair trying to guess where they are with just 15 lives total. Enemies are mostly cutesy creatures, most of which are just going about their own business. For some odd reason there is no point system so killing them is completely unnecessary as they will get you no extra lives due to a lack of points. Luckily this is not the type of game to be completely unfair and you can go back to older levels to farm a few lives as needed via coin collecting. The difficulty itself is just easy enough as to not feel cheated and with it having great controls, most deaths will be on us.

It still packs quite a punch however, this is one made for those with more experience into the genre, similar to Mario: The Lost Levels. The springs, the auto scrolling levels and the underwater sections are all here and ready to test your skills once again. A minor gripe I have with this title is that a shadow under your character would make some levels much better as whenever you jump too high you'll have little clue as to where you are. Another slightly more annoying design decision is the lack of saving your progress so you'll have to beat the entire game in one go. The previously mentioned warp zones will allow you to skip a few levels if you know where they are so finding them is key if you plan to play in short bursts.

Every few levels lead to a boss fight against a giant creature such as a fish or a dinosaur that are all defeated by jumping on or with the bone item. They only take 3-4 hits so if you currently have a bone it'll be that much easier. There is one final hidden boss after the last level that makes up the level 33 for those wondering why there are only 32 blips on the over-world. There are several themes to explore after every few levels that keeps things fresh. Sadly, the music is nowhere near as varied and will get a tad old after some time.

Super Jagua is sold for less than a dollar and what it does offer for that low price is a steal. It may be similar to Mario in most regards though it clearly understands what made them so great and does enough as to not feel like a complete retread. Like an NES game it only uses two buttons not counting the Dpad for attack and jump so it is easy to pick up yet something that will challenge even the veterans of the genre. If you are looking for both a challenge and a blast to the past, Super Jagua is sure to satisfy both of your needs.",1480044809,1480044809,True,7,0,0.608484208583831787,0,False,False,False,False,,,
27028352,"{'steamid': '76561198086687786', 'num_games_owned': 184, 'num_reviews': 5, 'playtime_forever': 131, 'playtime_last_two_weeks': 0, 'playtime_at_review': 53, 'last_played': 1557534755}",spanish,"EL juego explota acertadamente la nostalgia de las plataformas clÃ¡sicas, e incluso el nivel de dificultad se asemeja bastante a los plataformas de antaÃ±o. Tiene alguno que otro giro de tuerca utilizando elementos clÃ¡sicos. Es recomendable y rejugable gracias a los logros agregados. Los cromos estÃ¡n bien logrados. El precio es realmente una ganga.",1479963761,1479963761,True,2,0,0,0,True,False,False,False,,,
27023931,"{'steamid': '76561198330026083', 'num_games_owned': 0, 'num_reviews': 13, 'playtime_forever': 27, 'playtime_last_two_weeks': 0, 'playtime_at_review': 27, 'last_played': 1480594538}",schinese,å’Œè¶…çº§é©¬é‡Œå¥¥ä¸€æ ·ï¼Œå¾ˆæœ‰æ€€å¿µæ„Ÿã€‚ä¸è¿‡ä¸ªäººè¿˜æ˜¯æ›´å–œæ¬¢é©¬é‡Œå¥¥çš„ç”»é¢ã€‚,1479962666,1479962666,True,0,0,0,0,True,False,False,False,,,
26745473,"{'steamid': '76561198075646622', 'num_games_owned': 0, 'num_reviews': 23, 'playtime_forever': 24, 'playtime_last_two_weeks': 0, 'playtime_at_review': 14, 'last_played': 1479789311}",schinese,"è¿™ä¸ªæ¸¸æˆå•Šâ€¦â€¦
çœŸçš„â€¦â€¦
æ¯”æƒ³è±¡ä¸­çš„è¦éš¾â€¦â€¦
æˆ‘å› ä¸ºè£…é€¼æ­»äº†å¥½å‡ æ¬¡åŽå°±è€å®žäº†ã€‚
æ€»ä¹‹ä»·æ ¼ä¸è´µï¼Œå½“ä½œä¸€ä¸ªå°å“æ¸¸æˆï¼Œç±»ä¼¼è¶…çº§é©¬é‡Œå¥¥é‚£æ ·çš„çŽ©çŽ©è¿˜æ˜¯å¯ä»¥çš„ã€‚
éš¾åº¦æœ€å¤§ä½“çŽ°çš„åœ°æ–¹åœ¨äºŽâ€œä½ ä¸çŸ¥é“è¿™çŽ©æ„è¸©ä¸ŠåŽ»ä¼šæ€Žæ ·â€
æ­»å¤šäº†å°±æ˜Žç™½äº†â€¦â€¦",1479817489,1479817489,True,1,1,0.522821545600891113,0,True,False,False,False,,,
26728069,"{'steamid': '76561198042518957', 'num_games_owned': 0, 'num_reviews': 200, 'playtime_forever': 180, 'playtime_last_two_weeks': 0, 'playtime_at_review': 180, 'last_played': 1551579947}",schinese,è¶…çº§çŽ›ä¸½ç²‰ä¸å¿…å¤‡ï¼ä¸è¿‡æ“ä½œæ‰‹æ„Ÿæ¯”ä¸ä¸Šå…«ä½æ¸¸æˆï¼ä¸è¿‡ä»·æ ¼è¿˜ç®—äº²æ°‘ã€‚ï¼,1479719108,1479719108,True,1,0,0.519999980926513672,0,True,False,False,False,,,
26671485,"{'steamid': '76561197995702823', 'num_games_owned': 0, 'num_reviews': 4, 'playtime_forever': 811, 'playtime_last_two_weeks': 0, 'playtime_at_review': 683, 'last_played': 1480637735}",english,"This is an excellent retro platformer.  The music is catchy, the visuals are good, the level design is varied, and the controls are tight and refined.  This game is an absolute steal for one dollar.",1479475216,1479475216,True,1,0,0.523809552192687988,0,False,False,False,False,,,
26615014,"{'steamid': '76561198143720857', 'num_games_owned': 0, 'num_reviews': 112, 'playtime_forever': 199, 'playtime_last_two_weeks': 0, 'playtime_at_review': 88, 'last_played': 1687343336}",koreana,"ìŠˆí¼ë§ˆë¦¬ì˜¤ ì›”ë“œ ì—”ì§„ì„ ì´ìš©í•œ? ê²Œìž„ì´ë¼ê³  í•˜ëŠ”ë°, ê·¸ëž˜ì„œì¸ì§€ ê³ ì „ ìŠˆí¼ë§ˆë¦¬ì˜¤ ëŠë‚Œì´ ë§Žì´ ë‚œë‹¤.

ìŠ¤í…Œì´ì§€ì˜ ìž¬ë¯¸ë‚˜ êµ¬ì„±ì€ ê´œì°®ì€ íŽ¸ì´ì§€ë§Œ, ì €ìž¥ê¸°ëŠ¥ì´ ì—†ì–´ì„œ í•œë²ˆì— í´ë¦¬ì–´ë¥¼ í•´ì•¼í•˜ê¸° ë•Œë¬¸ì— ì–¼ë§ˆí›„ì—ëŠ” ê¸‰ê²©í•œ ì§œì¦ì„  ìœ ë°œí•˜ëŠ” ê²½í–¥ì´ ìžˆë‹¤.",1479217019,1479217019,True,1,0,0.522388041019439697,0,True,False,False,False,,,
26467461,"{'steamid': '76561198027107336', 'num_games_owned': 0, 'num_reviews': 29, 'playtime_forever': 962, 'playtime_last_two_weeks': 0, 'playtime_at_review': 194, 'last_played': 1479870275}",english,"The simplicity and difficulty of the level designs, as well as the overall shortness of the game, are very reminiscent of Super Mario Bros., while the graphics, controls and various other elements are very reminiscent of Super Mario Bros. 3 and Super Mario World. The Steam achievements add a lot of replayability to this game. This game is definitely worth your 99 cents if you are a Mario Bros. fan or classic 2D platformer fan in general. No need to wait for a sale for this one!",1478481235,1478481235,True,1,0,0.502712488174438477,0,True,False,False,False,,,
26454975,"{'steamid': '76561198109871307', 'num_games_owned': 2750, 'num_reviews': 35, 'playtime_forever': 545, 'playtime_last_two_weeks': 0, 'playtime_at_review': 349, 'last_played': 1482752332}",japanese,"ã‚¹ãƒ¼ãƒ‘ãƒ¼ãƒžãƒªã‚ªãƒ©ã‚¤ã‚¯ãªã‚¸ãƒ£ãƒ³ãƒ—ã‚¢ã‚¯ã‚·ãƒ§ãƒ³ã§ã™ã€‚
ã©ã†ã›steamã«ã‚ˆãã‚ã‚‹ã‚¯ã‚½ã‚²ãƒ¼ã ã‚ã†ã¨ã‚¿ã‚«ã‚’ããã£ã¦éŠã‚“ã§ã¿ã¾ã—ãŸãŒã€äºˆæƒ³å¤–ã«å€¤æ®µä»¥ä¸Šã«éŠã¹ã‚‹å†…å®¹ã§ã—ãŸã€‚
æ“ä½œæ€§ã¯æ‚ªããªã„ã—ã‚¹ãƒ†ãƒ¼ã‚¸ã‚‚ãã‚“ãªã«é›£ã—ããªã„ã¨æ€ã†ã®ã§ã™ãŒã€ä½•æ•…ã‹æ­»ã¬ã€‚
ã‚¯ãƒªã‚¢ã¾ã§4æ™‚é–“ã»ã©ã‹ã‹ã‚Šã¾ã—ãŸã€‚
[spoiler]2nd endingï¼Ÿã¾ã§éŠã¶æ–¹ã«ã¯ãã‚Œä»¥ä¸Šã‹ã‹ã‚‹ã§ã—ã‚‡ã†ã€‚[/spoiler]

ãƒŽãƒ¼ãƒŸã‚¹ã‚¯ãƒªã‚¢ãªã©ã‚ã‚Šã¾ã™ã®ã§ã€å®Ÿç¸¾åŽ¨ã®æ–¹ã«ã¯è¾›ã„ã‚²ãƒ¼ãƒ ã«ãªã£ã¦ã„ã¾ã™ã€‚
ã‚¢ã‚¯ã‚·ãƒ§ãƒ³ã‚²ãƒ¼ãƒ å¾—æ„ãªæ–¹ã¯å®Ÿç¸¾ã‚³ãƒ³ãƒ—ã‚’ç›®æŒ‡ã—ã¦ã¿ã¦ã¯å¦‚ä½•ã§ã—ã‚‡ã†ã‹ã€‚
ç§ã¯æŠ•ã’ã¾ã—ãŸ",1478434243,1478434243,True,3,0,0.563780605792999268,0,True,False,False,False,,,
26347625,"{'steamid': '76561198107396995', 'num_games_owned': 641, 'num_reviews': 7, 'playtime_forever': 279, 'playtime_last_two_weeks': 0, 'playtime_at_review': 61, 'last_played': 1700894977}",spanish,"wow, no tengo palabras. me pego en lo mas emocional",1477969080,1477969080,True,3,1,0.52173912525177002,0,True,False,False,False,,,
26153945,"{'steamid': '76561198046701789', 'num_games_owned': 0, 'num_reviews': 12, 'playtime_forever': 10, 'playtime_last_two_weeks': 0, 'playtime_at_review': 7, 'last_played': 1558971937}",spanish,"Muy buen juego, recomendado 100%",1477092902,1477092902,True,2,0,0.489461362361907959,0,True,False,False,False,,,
26059429,"{'steamid': '76561198110449151', 'num_games_owned': 0, 'num_reviews': 1, 'playtime_forever': 91, 'playtime_last_two_weeks': 0, 'playtime_at_review': 40, 'last_played': 1484625037}",english,"Love the style, love the jams, this is definitely a fun game for anyone who loves Mario-esque platforming.",1476577818,1476577818,True,0,0,0,0,True,False,False,False,,,
25845966,"{'steamid': '76561198122374188', 'num_games_owned': 10, 'num_reviews': 6, 'playtime_forever': 111, 'playtime_last_two_weeks': 0, 'playtime_at_review': 44, 'last_played': 1537591730}",spanish,"Un juego genial, 100% original que translada al jugador a los antiguos plataformeros de antaÃ±o.
Con musica y ambientacion digna de un juego de Nintendo y unos graficos euforicos y muy coloridos.
Genial sistema de Items y fisicas.
Un super juego por 0,99$

{{{{{{Estaria bien si continuaran con mas niveles}}}}}}

10/10",1475533909,1475533909,True,2,0,0.476190477609634399,0,True,False,False,False,,,
25813280,"{'steamid': '76561198049698130', 'num_games_owned': 0, 'num_reviews': 4, 'playtime_forever': 1065, 'playtime_last_two_weeks': 0, 'playtime_at_review': 328, 'last_played': 1530765086}",english,Fun and difficult. Good controls,1475381408,1475381408,True,0,0,0,0,True,False,False,False,,,
25731246,"{'steamid': '76561198028673669', 'num_games_owned': 7010, 'num_reviews': 401, 'playtime_forever': 380, 'playtime_last_two_weeks': 0, 'playtime_at_review': 380, 'last_played': 1478700487}",english,"This game is exactly like those good old NES games about Mario and Felix the cat:

+Adorable dogs, monsters, and even bosses! :) Feeling bad when beating them.
+Great OST, exactly like the songs in golden days of NES and fat TV screens.
+Gameplay: You have 15 lives to beat the game (and you get +1 for each 100 gold coins), every level contains secret level full of coins, and other secret stuff I haven't discovered yet (those warp marbles), various levels have different mechanics - water level, boss castle, levels with moving screen forcing you to run faster etc etc, all the classic levels :)
+Steam achievements to unlock
+Costs only 1$!
+Steam cards!
http://steamcommunity.com/sharedfiles/filedetails/?id=777636155
Anyway, this is the most *classic* platformer I've played this year, and it definitely worth it :) Lots of fun!

Join my curator group
http://steamcommunity.com/groups/garbage_games_challenge#curation",1475012266,1489194395,True,31,5,0.699190080165863037,3,False,False,False,False,,,
25678468,"{'steamid': '76561198018230643', 'num_games_owned': 0, 'num_reviews': 3, 'playtime_forever': 25, 'playtime_last_two_weeks': 0, 'playtime_at_review': 23, 'last_played': 1483910013}",spanish,"EstarÃ­a bueno que tenga la posibilidad (opcional) de guardar el progreso (sin guardar las vidas y los coins) para poder seguir mas tarde, y agregar un achievement tipo ""finished the game in one sitting"" como incentivo para los hardcore gamers.",1474749536,1474749536,True,1,0,0.497762292623519897,1,True,False,False,False,,,
25662982,"{'steamid': '76561198042259027', 'num_games_owned': 0, 'num_reviews': 77, 'playtime_forever': 29, 'playtime_last_two_weeks': 0, 'playtime_at_review': 29, 'last_played': 1474917161}",english,"Originally when I launched this game it froze, but the dev reached out to me and told me how to fix it. Very simple fix, just go to steamapps (or something) and change vertex buffer to 1 in the config/options file.

Now as for the game, it has beautiful pixel graphics and classic platformer gameplay. Easy decision to pick this up if you enjoy things like the classic mario games!",1474691419,1474691419,True,2,0,0.542038500308990479,0,True,False,False,False,,,
25659275,"{'steamid': '76561198021625231', 'num_games_owned': 0, 'num_reviews': 96, 'playtime_forever': 275, 'playtime_last_two_weeks': 0, 'playtime_at_review': 162, 'last_played': 1475538437}",english,"A fun game that feels and sounds just like a nes or sega master system game. No save feature, and 30 something levels, with a few secrets hidden about. Somewhat challenging, though if you can beat mario 3 you can probably finish this game too.

It controls mostly like mario 3, and the sound is mostly like a sega master system game.

Recommended for old school platformer fans.",1474671070,1474671070,True,3,0,0.551769614219665527,0,False,False,False,False,,,
25641833,"{'steamid': '76561198026907074', 'num_games_owned': 1248, 'num_reviews': 116, 'playtime_forever': 44, 'playtime_last_two_weeks': 0, 'playtime_at_review': 44, 'last_played': 1474672734}",english,"It's pretty fun, can be challenging, but really fun",1474581039,1474581039,True,2,0,0.494671881198883057,0,True,False,False,False,,,
25622721,"{'steamid': '76561198090111872', 'num_games_owned': 0, 'num_reviews': 4, 'playtime_forever': 41, 'playtime_last_two_weeks': 0, 'playtime_at_review': 11, 'last_played': 1555195376}",spanish,"Muy bueno,trae buenas memorias de aquellos juegos que eran divertidos por su simplicidad y su dificultad",1474479244,1474479244,True,2,0,0,0,True,False,False,False,,,
25598697,"{'steamid': '76561198124103849', 'num_games_owned': 468, 'num_reviews': 7, 'playtime_forever': 41, 'playtime_last_two_weeks': 0, 'playtime_at_review': 41, 'last_played': 1474349166}",english,"A lot of fun to play, definitely worth the buy if your into 2d games. Gives off the nostalgia feel of playing smw. :)",1474349555,1474349555,True,3,1,0.508437097072601318,0,True,False,False,False,,,
25552650,"{'steamid': '76561197974053314', 'num_games_owned': 1573, 'num_reviews': 37, 'playtime_forever': 180, 'playtime_last_two_weeks': 0, 'playtime_at_review': 180, 'last_played': 1474165828}",english,It feels just like an old NES game. The graphics and music is great and I'm having a blast trying to find all the secrets.,1474134931,1474134931,True,6,2,0.592266082763671875,0,True,False,False,False,,,
25538324,"{'steamid': '76561198005427611', 'num_games_owned': 437, 'num_reviews': 9, 'playtime_forever': 172, 'playtime_last_two_weeks': 0, 'playtime_at_review': 172, 'last_played': 1474231011}",english,RIP Super Jagua,1474078013,1474078013,True,2,2,0.297326892614364624,2,True,False,False,False,,,
25534844,"{'steamid': '76561198187729001', 'num_games_owned': 0, 'num_reviews': 50, 'playtime_forever': 137, 'playtime_last_two_weeks': 0, 'playtime_at_review': 42, 'last_played': 1509330730}",spanish,"Dificultad, diseÃ±o, musica, Todo en 11.Mb

Exelente para los que adoran los pixeles..",1474060797,1474060797,True,3,2,0.506798505783081055,0,False,False,False,False,,,
25532929,"{'steamid': '76561198058071772', 'num_games_owned': 784, 'num_reviews': 2, 'playtime_forever': 141, 'playtime_last_two_weeks': 0, 'playtime_at_review': 133, 'last_played': 1532084000}",english,its basically a good smw rom hack :D,1474053460,1474053460,True,22,6,0.631734907627105713,0,True,False,False,False,,,
25532893,"{'steamid': '76561197996930140', 'num_games_owned': 400, 'num_reviews': 20, 'playtime_forever': 64, 'playtime_last_two_weeks': 0, 'playtime_at_review': 38, 'last_played': 1619977578}",english,very nice game for a nice price !,1474053356,1474053356,True,5,1,0.53199535608291626,0,True,False,False,False,,,
25532387,"{'steamid': '76561198208030723', 'num_games_owned': 0, 'num_reviews': 1, 'playtime_forever': 10, 'playtime_last_two_weeks': 0, 'playtime_at_review': 10, 'last_played': 1474051288}",english,Great game. It's a very good platformer. Not easy at all. I definitely recommend it.,1474051519,1474051519,True,3,1,0.475138932466506958,0,True,False,False,False,,,
25529946,"{'steamid': '76561198034893285', 'num_games_owned': 221, 'num_reviews': 2, 'playtime_forever': 1072, 'playtime_last_two_weeks': 0, 'playtime_at_review': 358, 'last_played': 1640386828}",spanish,"Brillante juego!

La combinaciÃ³n de la dificultad del juego, no poder guardar el progreso, los grÃ¡ficos y sonidos, me remonta a esa Ã©poca en que pasaba horas seguidas para finalizar los juegos de mi infancia.

Impecable.",1474042996,1474042996,True,7,1,0.60000002384185791,0,False,False,False,False,,,
25529357,"{'steamid': '76561198016096893', 'num_games_owned': 11947, 'num_reviews': 1422, 'playtime_forever': 185, 'playtime_last_two_weeks': 0, 'playtime_at_review': 96, 'last_played': 1478945230}",russian,"[h1] ÐšÐ»Ð°ÑÐ¸ÐºÐ° Ð¶Ð°Ð½Ñ€Ð°! Ð ÐµÐ±ÑÑ‚Ð°, ÑÑ‚Ð° Ð¸Ð³Ñ€Ð° Ñ€ÐµÐ¼ÐµÐ¹Ðº ÑÑ‚Ð°Ñ€Ð¾Ð³Ð¾ Ð´Ð¾Ð±Ñ€Ð¾Ð³Ð¾ Ð¼Ð°Ñ€Ð¸Ð¾) [/h1]

Ð¡ÑŽÐ¶ÐµÑ‚: Ð—Ð»Ð¾Ð¹ Ð´Ñ€Ð°ÐºÐ¾Ð½, ÐµÑÑ‚ÐµÑÑ‚Ð²ÐµÐ½Ð½Ð¾ ÐºÐ¾Ð·Ð»Ð¸Ð½Ð°, Ð¿Ð¾Ñ…Ð¸Ñ‚Ð¸Ð» Ð½Ð° Ð½ÐµÐ²ÐµÑÑ‚Ñƒ Ð¡ÑƒÐºÑƒ (Ð¼Ñ‹ Ð±ÑƒÐ´ÐµÐ¼ Ð¸Ð³Ñ€Ð°Ñ‚ÑŒ Ð·Ð° ÐºÐ¾Ð±ÐµÐ»Ñ). ÐÐ°ÑˆÐ° Ð·Ð°Ð´Ð°Ñ‡Ð° Ð´Ð¾Ð¹Ñ‚Ð¸ Ð´Ð¾ ÑÑ‚Ð¾Ð³Ð¾ Ð¿Ð¾Ð·Ð¾Ñ€Ð½Ð¾Ð³Ð¾ ÐºÐ¾Ð·Ð»Ð°, Ð·Ð°Ð¼Ð¾Ñ‡Ð¸Ñ‚ÑŒ ÐµÐ³Ð¾ Ð¸ ÑÐ¿Ð°ÑÑ‚Ð¸ Ð½Ð°ÑˆÑƒ Ð»ÑŽÐ±Ð¸Ð¼ÑƒÑŽ Ð¡ÑƒÑ‡ÐºÑƒ.

Ð“ÐµÐ¼Ð¿Ð»ÐµÐ¹: Ð’ÑÐµ ÐºÐ°Ðº Ð¸ Ñ€Ð°Ð½ÑŒÑˆÐµ! ÐŸÐ¸ÐºÑÐµÐ»ÑŒÐ½Ð°Ñ Ð³Ñ€Ð°Ñ„Ð¸ÐºÐ° Ð² Ñ„Ð¾Ñ€Ð¼Ð°Ñ‚Ðµ Ñ€Ð°Ð·Ñ€ÐµÑˆÐµÐ½Ð¸Ñ 640Ñ…480, Ñ‚Ð° Ð¶Ðµ Ð¼ÐµÐ»Ð¾Ð´Ð¸Ñ Ñ Ð¿Ñ€Ð¸ÑÑ‚Ð°Ð²ÐºÐ¸ ""Sega"" Ð¸Ð· Ð´Ð°Ð»ÐµÐºÐ¸Ñ… 90Ñ…. Ð‘ÐµÐ³Ð¸Ð¼ Ð²Ð¿ÐµÑ€ÐµÐ´, Ñ‚Ð¾Ð¿Ñ‡ÐµÐ¼ Ð²Ñ€Ð°Ð³Ð¾Ð², Ð¿Ñ€Ð°Ð²Ð´Ð° Ð½Ðµ Ð²ÑÐµÑ… Ð¼Ð¾Ð¶Ð½Ð¾ Ñ‚Ð¾Ð¿Ñ‚Ð°Ñ‚ÑŒ, Ð´Ð¾Ð±ÐµÐ³Ð°ÐµÐ¼ Ð´Ð¾ ÐºÐ¾Ð½ÑƒÑ€Ñ‹, Ð¸ ÐºÐ¾Ð½ÐµÑ† Ñ€Ð°ÑƒÐ½Ð´Ð°. Ð§ÐµÑ€ÐµÐ· Ð½ÐµÑÐºÐ¾Ð»ÑŒÐºÐ¾ Ñ€Ð°ÑƒÐ½Ð´Ð¾Ð² Ð²Ñ‹ Ð·Ð°Ð²ÐµÑ€ÑˆÐ¸Ñ‚Ðµ Ñ‡Ð°ÑÑ‚ÑŒ Ð¸Ð³Ñ€Ñ‹, Ð² ÐºÐ¾Ð½Ñ†Ðµ ÐºÐ¾Ñ‚Ð¾Ñ€Ð¾Ð³Ð¾ Ð²Ð°Ð¼ Ð½ÑƒÐ¶Ð½Ð¾ Ð·Ð°Ñ‚Ð¾Ð¿Ñ‚Ð°Ñ‚ÑŒ Ð±Ð¾ÑÑÐ°. Ð¢Ð°Ðº Ð¶Ðµ Ð¿Ð¾ Ð¿ÑƒÑ‚Ð¸ Ð±ÑƒÐ´ÐµÑ‚ ÑÐµÐºÑ€ÐµÑ‚Ð½Ñ‹Ðµ ÐºÐ¾Ð¼Ð½Ð°Ñ‚Ñ‹, ÐµÑÐ»Ð¸ Ð²Ñ‹ Ð¸Ñ… Ð½Ð°Ð¹Ð´ÐµÑ‚Ðµ, Ð² Ð½Ð¸Ñ… ÐµÑÑ‚ÐµÑÑ‚Ð²ÐµÐ½Ð½Ð¾ Ð¼Ð½Ð¾Ð³Ð¾ Ð¼Ð¾Ð½ÐµÑ‚. Ð’ ÐºÐ¸Ñ€Ð¿Ð¸Ñ‡Ð°Ñ…, ÐºÐ¾Ñ‚Ð¾Ñ€Ñ‹Ðµ, Ñ‚Ð¾Ñ‡Ð½Ð¾! Ñ€Ð°Ð·Ð±Ð¸Ð²Ð°ÐµÐ¼ Ð³Ð¾Ð»Ð¾Ð²Ð¾Ð¹ Ð±ÑƒÐ´ÑƒÑ‚ Ð±Ð¾Ð½ÑƒÑÑ‹, ÐºÐ¾Ñ‚Ð¾Ñ€Ñ‹Ðµ Ð´Ð°Ð´ÑƒÑ‚ Ð²Ð°Ð¼ Ð´Ð¾Ð¿Ð¾Ð»Ð½Ð¸Ñ‚ÐµÐ»ÑŒÐ½Ñ‹Ð¹ ÑˆÐ°Ð½Ñ Ð²Ñ‹Ð¶Ð¸Ñ‚ÑŒ.

Ð¢ÐµÑ…Ð½Ð¸Ñ‡ÐµÑÐºÐ°Ñ Ñ‡Ð°ÑÑ‚ÑŒ: Ð’ÑÐµ Ð½Ð°ÑÑ‚Ñ€Ð¾Ð¹ÐºÐ¸ Ð¸Ð³Ñ€Ñ‹ Ð¸Ð·Ð¼ÐµÐ½ÑÐµÐ¼Ñ‹Ðµ, Ð²Ñ‹ ÑÐ¼Ð¾Ð¶ÐµÑ‚Ðµ Ð½Ð°ÑÑ‚Ñ€Ð¾Ð¸Ñ‚ÑŒ Ð¸Ð³Ñ€Ñƒ Ð¿Ð¾Ð´ ÑÐµÐ±Ñ. Ð•ÑÑ‚ÑŒ Ð¿Ð¾Ð´Ð´ÐµÑ€Ð¶ÐºÐ° ÐºÐ¾Ð½Ñ‚Ñ€Ð¾Ð»Ð»ÐµÑ€Ð°.

Ð¡Ñ‚Ð¸Ð¼ Ð±Ð¾Ð½ÑƒÑÑ‹: Ð•ÑÑ‚ÑŒ Ð´Ð¾ÑÑ‚Ð¸Ð¶ÐµÐ½Ð¸Ñ - ÑÑ‚Ð¾ Ð¿Ð»ÑŽÑ, Ð½ÐµÑ‚ ÐºÐ¾Ð»Ð»ÐµÐºÑ†Ð¸Ð¾Ð½Ð½Ñ‹Ñ… ÐºÐ°Ñ€Ñ‚ - ÑÑ‚Ð¾ Ð¼Ð¸Ð½ÑƒÑ.

Ð§Ñ‚Ð¾ Ð½Ðµ Ð¿Ð¾Ð½Ñ€Ð°Ð²Ð¸Ð»Ð¾ÑÑŒ: Ð˜Ð³Ñ€Ð°Ð» Ñ Ð¸Ð³Ñ€Ð°Ð», Ð½Ðµ Ð´Ð¾Ð»Ð³Ð¾, 20 Ð¼Ð¸Ð½, Ð¿Ñ€Ð¾ÑˆÐµÐ» 4 ÑƒÑ€Ð¾Ð²Ð½Ñ, Ð·Ð°Ð¼Ð¾Ñ‡Ð¸Ð» Ð±Ð¾ÑÑÐ°. Ð’Ñ‹ÐºÐ»ÑŽÑ‡Ð¸Ð» Ð¸Ð³Ñ€Ñƒ, Ð²ÐºÐ»ÑŽÑ‡Ð¸Ð» Ð¿Ð¾Ð·Ð¶Ðµ Ð¸ Ð¿Ð¸3Ð´eÑ†!!! ÐÑƒÐ¶Ð½Ð¾ Ð¸Ð³Ñ€Ð°Ñ‚ÑŒ ÑÐ½Ð°Ñ‡Ð°Ð»Ð°! ÐÑƒ Ð´Ð°Ð¶Ðµ Ð¸ ÑÑ‚Ð¾Ð¼ Ð¼Ð¾Ð¼ÐµÐ½Ñ‚ Ð¿ÐµÑ€ÐµÐ½Ð¸ÑÐ»Ð¸ Ð¸Ð· Ð¿Ñ€Ð¸ÑÑ‚Ð°Ð²ÐºÐ¸. Ð£Ð²Ð°Ð¶Ð°ÐµÐ¼Ñ‹Ð¹ Ñ€Ð°Ð·Ñ€Ð°Ð±Ð¾Ñ‚Ñ‡Ð¸Ðº! Ð”Ð¾Ð±Ð°Ð²ÑŒÑ‚Ðµ Ð² Ð¸Ð³Ñ€Ñƒ ÑÐ¾Ñ…Ñ€Ð°Ð½ÐµÐ½Ð¸Ðµ Ð¿Ñ€Ð¾Ð¹Ð´ÐµÐ½Ñ‹Ñ… ÑƒÑ€Ð¾Ð²Ð½ÐµÐ¹, Ð½Ð° Ð´Ð²Ð¾Ñ€Ðµ 2016 Ð³Ð¾Ð´ Ð¸ Ð¼Ñ‹ Ð¸Ð³Ñ€Ð°ÐµÐ¼ Ð½Ð° ÐºÐ¾Ð¼Ð¿ÑŒÑŽÑ‚ÐµÑ€Ðµ, Ð² ÐºÐ¾Ñ‚Ð¾Ñ€Ð¾Ð¼ Ð¼Ð¾Ð¶Ð½Ð¾ ÑÐ¾Ñ…Ñ€Ð°Ð½Ð¸Ñ‚ÑŒ Ñ„Ð°Ð¹Ð»Ñ‹, Ð² Ñ‚Ð¾Ð¼ Ñ‡Ð¸ÑÐ»Ðµ ÑÐ¾Ñ…Ñ€Ð°Ð½ÐµÐ½Ð¸Ñ Ñ Ð¸Ð³Ñ€Ñ‹.

Ð˜Ñ‚Ð¾Ð³: Ð’ÑÐµÐ¼ Ð»ÑŽÐ±Ð¸Ñ‚ÐµÐ»ÑÐ¼ ""ÐœÐ°Ñ€Ð¸Ð¾"" - Ð¾Ð±ÑÐ·Ð°Ñ‚ÐµÐ»ÑŒÐ½Ð° Ðº Ð¿Ð¾ÐºÑƒÐ¿ÐºÐµ! Ð¢ÐµÐ¼ ÐºÑ‚Ð¾ Ð½Ðµ Ð·Ð½Ð°ÐµÑ‚, Ñ‡Ñ‚Ð¾ Ñ‚Ð°ÐºÐ¾Ðµ ""ÐœÐ°Ñ€Ð¸Ð¾"" - Ñ€ÐµÐºÐ¾Ð¼ÐµÐ½Ð´Ð¾Ð²Ð°Ð½Ð¾ Ðº Ð¿Ð¾ÐºÑƒÐ¿ÐºÐµ, Ñ…Ð¾Ñ‚ÑŒ ÑÑ‚Ð¾ Ð¸ Ð¸Ð·Ð¼ÐµÐ½ÐµÐ½Ð½Ð°Ñ Ð²ÐµÑ€ÑÐ¸Ñ, Ð½Ð¾ Ð²ÑÐµ Ð¶Ðµ Ð¿Ñ€Ð¸ÐºÐ¾Ð»ÑŒÐ½Ð¾, Ñ‚ÐµÐ¼ Ð±Ð¾Ð»ÐµÐµ Ñ†ÐµÐ½Ð° Ð½Ð° Ð¸Ð³Ñ€Ñƒ, Ñ‡Ð¸ÑÑ‚Ð¾ ÑÐ¸Ð¼Ð²Ð¾Ð»Ð¸Ñ‡ÐµÑÐºÐ°Ñ)

ÐÐ¸Ð¶Ðµ Ð²Ñ‹ Ð½Ð°Ð¹Ð´ÐµÑ‚Ðµ Ð¿ÑÑ‚Ð¸Ð¼Ð¸Ð½ÑƒÑ‚Ð½Ð¾Ðµ Ð²Ð¸Ð´ÐµÐ¾ Ð³ÐµÐ¼Ð¿Ð»ÐµÑ - Ð»ÑƒÑ‡ÑˆÐµ 1 Ñ€Ð°Ð· ÑƒÐ²Ð¸Ð´ÐµÑ‚ÑŒ, Ñ‡ÐµÐ¼ ÑÑ‚Ð¾ Ñ€Ð°Ð· Ð¿Ñ€Ð¾Ñ‡Ð¸Ñ‚Ð°Ñ‚ÑŒ)

https://youtu.be/RkKNwCCtqbc",1474040915,1474041014,True,4,0,0.344035506248474121,0,False,False,False,False,,,
25526567,"{'steamid': '76561198028685328', 'num_games_owned': 105, 'num_reviews': 3, 'playtime_forever': 14, 'playtime_last_two_weeks': 0, 'playtime_at_review': 14, 'last_played': 1474154390}",spanish,"Excelente entretenimiento casual, en donde convergen los recuerdos de la Ã©poca de oro de los juegos de antaÃ±o. 

Este juego recuerda a la sensaciÃ³n de haber adquirido un buen cartucho.",1474030210,1474030210,True,7,1,0.535155415534973145,1,True,False,False,False,,,
25523096,"{'steamid': '76561198151416400', 'num_games_owned': 116, 'num_reviews': 12, 'playtime_forever': 219, 'playtime_last_two_weeks': 0, 'playtime_at_review': 17, 'last_played': 1706382336}",spanish,Super recomendado para echar ratos!!,1474010424,1474010424,True,2,0,0.487684726715087891,0,True,False,False,False,,,
25521665,"{'steamid': '76561198194006579', 'num_games_owned': 0, 'num_reviews': 1, 'playtime_forever': 15, 'playtime_last_two_weeks': 0, 'playtime_at_review': 15, 'last_played': 1473999996}",english,"OMG, this right here is well worth what I paid for it. Well thought out, fun, short and it brings back memories for a ton of the golden games! Well done!",1474000246,1474000246,True,8,1,0.524741768836975098,0,True,False,False,False,,,
